,rank,disr,diss,dior,dios,diar,tots,rank,disr,diss,dior,dios,diar,tots,label
0,530.72,0.0,0.0,4.16,1.64,0.2,1.64,264.9621859813207,0.0,0.0,1.518771433319269,0.7571877794400363,0.5773502691896257,0.7571877794400363,0.0
1,505.92,0.0,0.0,2.2,1.2,0.0,1.24,228.87203848438978,0.0,0.0,1.5811388300841898,0.7637626158259734,0.0,0.8306623862918074,0.0
2,504.16,0.0,0.0,3.44,1.44,0.04,1.44,228.6379379426491,0.0,0.0,1.7813852287849847,0.6506407098647712,0.2000000000000001,0.6506407098647712,0.0
3,504.16,0.0,0.0,1.2,0.72,0.0,0.72,228.6379379426491,0.0,0.0,1.0801234497346435,0.6782329983125268,0.0,0.6782329983125268,0.0
4,504.16,0.0,0.0,0.88,0.44,0.0,0.44,228.6379379426491,0.0,0.0,1.2355835328567093,0.5066228051190221,0.0,0.5066228051190221,0.0
5,503.2,0.0,0.0,2.72,1.0,0.04,1.04,227.7337626849973,0.0,0.0,1.2754084313139327,0.9128709291752769,0.2000000000000001,0.9780933834080808,0.0
6,502.72,0.0,0.0,1.36,0.88,0.04,0.88,226.855960174439,0.0,0.0,1.186029791643813,0.6658328118479394,0.20000000000000004,0.6658328118479394,0.0
7,502.72,0.0,0.0,0.76,0.56,0.04,0.6,226.855960174439,0.0,0.0,0.9255628917943215,0.5830951894845301,0.2000000000000001,0.7071067811865475,0.0
8,502.72,0.0,0.0,0.48,0.36,0.0,0.36,226.855960174439,0.0,0.0,0.5859465277082316,0.5686240703077328,0.0,0.5686240703077328,0.0
9,502.72,0.0,0.0,0.32,0.4,0.0,0.4,226.855960174439,0.0,0.0,0.5567764362830022,0.5,0.0,0.5,0.0
10,502.72,0.0,0.0,0.32,0.36,0.0,0.36,226.855960174439,0.0,0.0,0.6271629240742258,0.48989794855663565,0.0,0.48989794855663565,0.0
11,502.72,0.0,0.0,0.6,0.4,0.0,0.4,226.855960174439,0.0,0.0,0.9128709291752767,0.5773502691896258,0.0,0.5773502691896258,0.0
12,502.72,0.0,0.0,1.4,0.56,0.0,0.56,226.855960174439,0.0,0.0,0.9574271077563382,0.5830951894845301,0.0,0.5830951894845301,0.0
13,502.72,0.0,0.0,1.44,0.64,0.0,0.64,226.855960174439,0.0,0.0,1.003327796219494,0.5686240703077327,0.0,0.5686240703077327,0.0
14,501.76,0.0,0.0,1.48,0.84,0.0,0.84,224.5174974621503,0.0,0.0,1.1224972160321822,0.6244997998398398,0.0,0.6244997998398398,0.0
15,501.76,0.0,0.0,1.6,1.16,0.0,1.16,224.5174974621503,0.0,0.0,1.118033988749895,0.6879922480183431,0.0,0.6879922480183431,0.0
16,486.4,0.0,0.0,0.52,0.44,0.08,0.48,198.9840864658947,0.0,0.0,0.9626352718795765,0.5830951894845301,0.2768874620972691,0.6531972647421809,0.0
17,501.76,0.0,0.0,0.4,0.44,0.0,0.44,224.5174974621503,0.0,0.0,0.6454972243679029,0.5830951894845301,0.0,0.5830951894845301,0.0
18,501.76,0.0,0.0,0.32,0.36,0.04,0.4,224.5174974621503,0.0,0.0,0.5567764362830022,0.4898979485566356,0.2000000000000001,0.5,0.0
19,501.76,0.0,0.0,0.32,0.12,0.0,0.12,224.5174974621503,0.0,0.0,0.5567764362830022,0.3316624790355401,0.0,0.3316624790355401,0.0
20,521.8461538461538,0.0,0.0,0.15384615384615385,0.2692307692307692,0.0,0.2692307692307692,242.65526036872845,0.0,0.0,0.36794648440312,0.5334935656738372,0.0,0.5334935656738372,0.0
21,501.76,0.0,0.0,0.32,0.24,0.08,0.24,224.5174974621503,0.0,0.0,0.5567764362830022,0.4358898943540673,0.2768874620972691,0.4358898943540673,0.0
22,501.76,0.0,0.0,0.12,0.2,0.0,0.24,224.5174974621503,0.0,0.0,0.43969686527576407,0.4082482904638631,0.0,0.4358898943540673,0.0
23,501.76,0.0,0.0,0.2,0.2,0.0,0.2,224.5174974621503,0.0,0.0,0.6454972243679026,0.4082482904638631,0.0,0.4082482904638631,0.0
24,501.76,0.0,0.0,0.24,0.2,0.0,0.2,224.5174974621503,0.0,0.0,0.5228129047119374,0.4082482904638631,0.0,0.4082482904638631,0.0
25,501.76,0.0,0.0,0.96,0.52,0.12,0.56,224.5174974621503,0.0,0.0,0.8406346808612327,0.5859465277082316,0.33166247903554,0.6506407098647711,0.0
26,501.76,0.0,0.0,0.68,0.48,0.2,0.76,224.5174974621503,0.0,0.0,0.8524474568362946,0.5099019513592786,0.5,0.7234178138070236,0.0
27,501.76,0.0,0.0,0.92,0.4,0.56,0.8,224.5174974621503,0.0,0.0,1.037625494418225,0.5773502691896258,0.9609023536933048,0.7071067811865474,0.0
28,501.76,0.0,0.0,1.08,0.68,0.8,0.76,224.5174974621503,0.0,0.0,0.9092121131323901,0.5567764362830021,1.5000000000000002,0.5972157622389639,0.0
29,501.76,0.0,0.0,1.16,0.84,0.0,0.88,224.5174974621503,0.0,0.0,0.8504900548115385,0.6879922480183431,0.0,0.7257180352359082,0.0
30,501.76,0.0,0.0,1.0,0.64,0.0,0.64,224.5174974621503,0.0,0.0,1.118033988749895,0.6377042156569663,0.0,0.6377042156569663,0.0
31,501.76,0.0,0.0,0.72,0.56,0.0,0.56,224.5174974621503,0.0,0.0,0.7916228058025278,0.5066228051190221,0.0,0.5066228051190221,0.0
32,501.76,0.0,0.0,0.84,0.4,0.08,0.44,224.5174974621503,0.0,0.0,0.9433981132056607,0.5,0.2768874620972691,0.5830951894845301,0.0
33,501.76,0.0,0.0,0.48,0.44,0.08,0.52,224.5174974621503,0.0,0.0,0.8225975119502043,0.5830951894845301,0.4000000000000002,0.653197264742181,0.0
34,501.76,0.0,0.0,0.2,0.16,0.0,0.16,224.5174974621503,0.0,0.0,0.4082482904638631,0.374165738677394,0.0,0.374165738677394,0.0
35,501.76,0.0,0.0,0.28,0.24,0.08,0.24,224.5174974621503,0.0,0.0,0.6137317546507324,0.4358898943540673,0.2768874620972691,0.4358898943540673,0.0
36,501.76,0.0,0.0,0.16,0.24,0.0,0.28,224.5174974621503,0.0,0.0,0.37416573867739406,0.5228129047119373,0.0,0.6137317546507324,0.0
37,501.76,0.0,0.0,0.16,0.08,0.04,0.12,224.5174974621503,0.0,0.0,0.47258156262526074,0.2768874620972691,0.2000000000000001,0.3316624790355401,0.0
38,501.76,0.0,0.0,0.04,0.08,0.04,0.08,224.5174974621503,0.0,0.0,0.20000000000000004,0.2768874620972691,0.2000000000000001,0.2768874620972691,0.0
39,501.76,0.0,0.0,0.24,0.24,0.0,0.24,224.5174974621503,0.0,0.0,0.5228129047119373,0.43588989435406733,0.0,0.43588989435406733,0.0
40,501.76,0.0,0.0,0.28,0.24,0.0,0.24,224.5174974621503,0.0,0.0,0.45825756949558394,0.4358898943540673,0.0,0.4358898943540673,0.0
41,501.76,0.0,0.0,0.12,0.16,0.0,0.16,224.5174974621503,0.0,0.0,0.33166247903553997,0.3741657386773941,0.0,0.3741657386773941,0.0
42,501.76,0.0,0.0,0.64,0.32,0.04,0.36,224.5174974621503,0.0,0.0,0.6377042156569663,0.47609522856952335,0.2000000000000001,0.48989794855663565,0.0
43,501.76,0.0,0.0,1.08,0.8,0.0,0.8,224.5174974621503,0.0,0.0,1.0770329614269005,0.5773502691896258,0.0,0.5773502691896258,0.0
44,501.76,0.0,0.0,1.24,0.76,0.0,0.76,224.5174974621503,0.0,0.0,1.2000000000000002,0.6633249580710799,0.0,0.6633249580710799,0.0
45,501.76,0.0,0.0,0.64,0.48,0.0,0.48,224.5174974621503,0.0,0.0,1.036018017861337,0.6531972647421808,0.0,0.6531972647421808,0.0
46,501.76,0.0,0.0,0.84,0.56,0.08,0.56,224.5174974621503,0.0,0.0,0.8981462390204988,0.6506407098647711,0.2768874620972691,0.6506407098647711,0.0
47,501.76,0.0,0.0,0.32,0.36,0.0,0.4,224.5174974621503,0.0,0.0,0.5567764362830022,0.5686240703077328,0.0,0.5773502691896258,0.0
48,501.76,0.0,0.0,0.64,0.44,0.0,0.44,224.5174974621503,0.0,0.0,0.9521904571390467,0.5830951894845301,0.0,0.5830951894845301,0.0
49,501.76,0.0,0.0,0.84,0.28,0.0,0.28,224.5174974621503,0.0,0.0,0.9433981132056606,0.45825756949558405,0.0,0.45825756949558405,0.0
50,501.76,0.0,0.0,0.96,0.4,0.0,0.4,224.5174974621503,0.0,0.0,0.9780933834080807,0.5773502691896258,0.0,0.5773502691896258,0.0
51,501.76,0.0,0.0,0.16,0.16,0.0,0.16,224.5174974621503,0.0,0.0,0.47258156262526074,0.37416573867739406,0.0,0.37416573867739406,0.0
52,501.76,0.0,0.0,0.04,0.04,0.0,0.04,224.5174974621503,0.0,0.0,0.20000000000000007,0.20000000000000007,0.0,0.20000000000000007,0.0
53,501.76,0.0,0.0,0.16,0.16,0.0,0.16,224.5174974621503,0.0,0.0,0.37416573867739406,0.37416573867739406,0.0,0.37416573867739406,0.0
54,501.76,0.0,0.0,0.24,0.2,0.16,0.32,224.5174974621503,0.0,0.0,0.6633249580710803,0.4082482904638631,0.47258156262526063,0.6271629240742258,0.0
55,480.0,0.0,0.0,0.3333333333333333,0.2916666666666667,0.2916666666666667,0.5,200.61817508369734,0.0,0.0,0.48154341234307685,0.4643056214875366,0.6240935455708451,0.659380473395787,0.0
56,501.76,0.0,0.0,0.28,0.4,1.08,0.88,224.5174974621503,0.0,0.0,0.6137317546507324,0.5,1.6812693617224659,0.7257180352359082,0.0
57,501.76,0.0,0.0,0.48,0.4,0.16,0.48,224.5174974621503,0.0,0.0,0.5859465277082316,0.5,0.37416573867739406,0.5859465277082317,0.0
58,501.76,0.0,0.0,0.52,0.56,0.0,0.56,224.5174974621503,0.0,0.0,0.653197264742181,0.5066228051190221,0.0,0.5066228051190221,0.0
59,501.76,0.0,0.0,1.16,0.68,0.2,0.72,224.5174974621503,0.0,0.0,1.1060440015358042,0.6904105059069328,0.4082482904638631,0.7371114795831993,0.0
60,501.76,0.0,0.0,0.84,0.68,0.08,0.76,224.5174974621503,0.0,0.0,0.8,0.6271629240742259,0.2768874620972691,0.7788880963698616,0.0
61,501.76,0.0,0.0,0.76,0.4,0.08,0.44,224.5174974621503,0.0,0.0,1.011599393699568,0.5773502691896258,0.2768874620972691,0.7118052168020874,0.0
62,501.76,0.0,0.0,0.48,0.4,0.04,0.4,224.5174974621503,0.0,0.0,0.5859465277082316,0.5000000000000001,0.2000000000000001,0.5000000000000001,0.0
63,501.76,0.0,0.0,0.84,0.36,0.0,0.4,224.5174974621503,0.0,0.0,1.0279429296739517,0.5686240703077327,0.0,0.6454972243679029,0.0
64,501.76,0.0,0.0,0.48,0.28,0.0,0.28,224.5174974621503,0.0,0.0,0.6531972647421809,0.4582575694955841,0.0,0.4582575694955841,0.0
65,501.76,0.0,0.0,0.52,0.16,0.0,0.16,224.5174974621503,0.0,0.0,0.8225975119502045,0.37416573867739406,0.0,0.37416573867739406,0.0
66,501.76,0.0,0.0,0.56,0.32,0.0,0.32,224.5174974621503,0.0,0.0,0.5830951894845301,0.5567764362830022,0.0,0.5567764362830022,0.0
67,501.76,0.0,0.0,0.68,0.32,0.0,0.32,224.5174974621503,0.0,0.0,0.8020806277010643,0.5567764362830022,0.0,0.5567764362830022,0.0
68,501.76,0.0,0.0,0.44,0.24,0.0,0.24,224.5174974621503,0.0,0.0,0.7118052168020874,0.4358898943540673,0.0,0.4358898943540673,0.0
69,501.76,0.0,0.0,0.24,0.16,0.0,0.16,224.5174974621503,0.0,0.0,0.4358898943540673,0.37416573867739406,0.0,0.37416573867739406,0.0
70,501.76,0.0,0.0,0.36,0.32,0.0,0.32,224.5174974621503,0.0,0.0,0.5686240703077328,0.4760952285695233,0.0,0.4760952285695233,0.0
71,501.76,0.0,0.0,0.24,0.36,0.04,0.4,224.5174974621503,0.0,0.0,0.5228129047119373,0.4898979485566356,0.2000000000000001,0.5,0.0
72,501.76,0.0,0.0,0.24,0.2,0.0,0.2,224.5174974621503,0.0,0.0,0.5228129047119374,0.4082482904638631,0.0,0.4082482904638631,0.0
73,501.76,0.0,0.0,0.56,0.64,0.0,0.64,224.5174974621503,0.0,0.0,0.8205689083394113,0.6377042156569662,0.0,0.6377042156569662,0.0
74,501.76,0.0,0.0,0.64,0.56,0.0,0.56,224.5174974621503,0.0,0.0,0.7571877794400363,0.5066228051190221,0.0,0.5066228051190221,0.0
75,501.76,0.0,0.0,0.56,0.48,0.0,0.48,224.5174974621503,0.0,0.0,1.121011448053349,0.5859465277082317,0.0,0.5859465277082317,0.0
76,501.76,0.0,0.0,0.4,0.4,0.0,0.4,224.5174974621503,0.0,0.0,0.5,0.5,0.0,0.5,0.0
77,506.88,0.0,0.0,1.12,0.52,0.0,0.52,223.1756259092825,0.0,0.0,1.3329166015421468,0.5859465277082316,0.0,0.5859465277082316,0.0
78,501.76,0.0,0.0,1.0,0.52,0.04,0.56,224.5174974621503,0.0,0.0,0.9574271077563381,0.7141428428542852,0.2000000000000001,0.7681145747868606,0.0
79,501.76,0.0,0.0,0.92,0.32,0.0,0.32,224.5174974621503,0.0,0.0,0.8124038404635958,0.5567764362830022,0.0,0.5567764362830022,0.0
80,501.76,0.0,0.0,0.68,0.4,0.0,0.4,224.5174974621503,0.0,0.0,0.8999999999999998,0.5773502691896258,0.0,0.5773502691896258,0.0
81,501.76,0.0,0.0,0.6,0.24,0.0,0.24,224.5174974621503,0.0,0.0,0.6454972243679027,0.5228129047119373,0.0,0.5228129047119373,0.0
82,501.76,0.0,0.0,0.24,0.28,0.0,0.28,224.5174974621503,0.0,0.0,0.5228129047119374,0.45825756949558405,0.0,0.45825756949558405,0.0
83,501.76,0.0,0.0,0.24,0.12,0.04,0.28,224.5174974621503,0.0,0.0,0.4358898943540673,0.33166247903553997,0.2000000000000001,0.4582575694955839,0.0
84,501.76,0.0,0.0,0.36,0.24,0.76,0.64,224.5174974621503,0.0,0.0,0.7,0.4358898943540673,1.16476034731041,0.7000000000000001,0.0
85,501.76,0.0,0.0,0.48,0.32,0.6,0.44,224.5174974621503,0.0,0.0,0.5859465277082317,0.47609522856952335,1.2247448713915887,0.5066228051190221,0.0
86,501.76,0.0,0.0,0.4,0.32,0.04,0.36,224.5174974621503,0.0,0.0,0.6454972243679029,0.4760952285695233,0.2000000000000001,0.5686240703077327,0.0
87,501.76,0.0,0.0,0.24,0.32,0.16,0.4,224.5174974621503,0.0,0.0,0.5228129047119373,0.5567764362830022,0.37416573867739394,0.6454972243679029,0.0
88,501.76,0.0,0.0,0.6,0.64,0.2,0.72,224.5174974621503,0.0,0.0,0.8164965809277259,0.48989794855663565,0.5,0.541602560309064,0.0
89,501.76,0.0,0.0,0.64,0.6,0.0,0.6,224.5174974621503,0.0,0.0,0.9073771725877465,0.5000000000000001,0.0,0.5000000000000001,0.0
90,501.76,0.0,0.0,0.48,0.48,0.08,0.52,224.5174974621503,0.0,0.0,0.7702813338860894,0.5099019513592786,0.2768874620972691,0.5859465277082316,0.0
91,501.76,0.0,0.0,0.48,0.48,0.04,0.52,224.5174974621503,0.0,0.0,0.6531972647421808,0.5099019513592786,0.2000000000000001,0.5859465277082317,0.0
92,501.76,0.0,0.0,0.44,0.4,0.0,0.4,224.5174974621503,0.0,0.0,0.7118052168020874,0.5773502691896258,0.0,0.5773502691896258,0.0
93,502.15384615384613,0.0,0.0,0.2692307692307692,0.23076923076923078,0.0,0.23076923076923078,219.99048930491378,0.0,0.0,0.452344320861205,0.4296689244236595,0.0,0.4296689244236595,0.0
94,501.76,0.0,0.0,0.44,0.4,0.0,0.44,224.5174974621503,0.0,0.0,0.6506407098647712,0.5,0.0,0.5066228051190221,0.0
95,501.76,0.0,0.0,0.6,0.32,0.04,0.32,224.5174974621503,0.0,0.0,0.8164965809277259,0.5567764362830022,0.2000000000000001,0.5567764362830022,0.0
96,501.76,0.0,0.0,0.44,0.12,0.0,0.12,224.5174974621503,0.0,0.0,0.5066228051190221,0.3316624790355401,0.0,0.3316624790355401,0.0
97,501.76,0.0,0.0,0.68,0.36,0.0,0.36,224.5174974621503,0.0,0.0,0.988264472024906,0.5686240703077328,0.0,0.5686240703077328,0.0
98,490.6666666666667,0.0,0.0,0.8333333333333334,0.25,0.0,0.25,222.23737146430236,0.0,0.0,0.9168313422570846,0.4423258684646914,0.0,0.4423258684646914,0.0
99,506.88,0.0,0.0,0.64,0.24,0.0,0.24,223.1756259092825,0.0,0.0,0.6377042156569663,0.4358898943540673,0.0,0.4358898943540673,0.0
100,501.76,0.0,0.0,0.64,0.48,0.04,0.52,224.5174974621503,0.0,0.0,0.9073771725877466,0.5859465277082316,0.2000000000000001,0.5859465277082316,0.0
101,501.76,0.0,0.0,0.92,0.32,0.0,0.32,224.5174974621503,0.0,0.0,0.9539392014169454,0.4760952285695233,0.0,0.4760952285695233,0.0
102,501.76,0.0,0.0,0.6,0.4,0.0,0.4,224.5174974621503,0.0,0.0,0.7637626158259734,0.5,0.0,0.5,0.0
103,521.8461538461538,0.0,0.0,0.6538461538461539,0.6153846153846154,0.0,0.6153846153846154,242.65526036872845,0.0,0.0,0.6894814104706635,0.5710988059467873,0.0,0.5710988059467873,0.0
104,501.76,0.0,0.0,0.6,0.68,0.0,0.68,224.5174974621503,0.0,0.0,0.9999999999999998,0.627162924074226,0.0,0.627162924074226,0.0
105,501.76,0.0,0.0,0.48,0.44,0.08,0.44,224.5174974621503,0.0,0.0,0.7702813338860894,0.5066228051190221,0.2768874620972691,0.5066228051190221,0.0
106,501.76,0.0,0.0,0.52,0.28,0.0,0.32,224.5174974621503,0.0,0.0,0.5859465277082317,0.45825756949558405,0.0,0.5567764362830022,0.0
107,501.76,0.0,0.0,0.2,0.4,0.04,0.44,224.5174974621503,0.0,0.0,0.4082482904638631,0.5773502691896258,0.2000000000000001,0.6506407098647712,0.0
108,501.76,0.0,0.0,0.32,0.28,0.0,0.28,224.5174974621503,0.0,0.0,0.5567764362830022,0.45825756949558405,0.0,0.45825756949558405,0.0
109,501.76,0.0,0.0,0.4,0.4,0.0,0.4,224.5174974621503,0.0,0.0,0.5773502691896258,0.5,0.0,0.5,0.0
110,501.76,0.0,0.0,0.16,0.16,0.0,0.16,224.5174974621503,0.0,0.0,0.37416573867739406,0.37416573867739406,0.0,0.37416573867739406,0.0
111,501.76,0.0,0.0,0.24,0.28,0.0,0.32,224.5174974621503,0.0,0.0,0.5972157622389641,0.45825756949558405,0.0,0.5567764362830022,0.0
112,501.76,0.0,0.0,0.24,0.04,0.24,0.36,224.5174974621503,0.0,0.0,0.4358898943540673,0.20000000000000004,0.6633249580710803,0.4898979485566356,0.0
113,512.0,0.0,0.0,0.5384615384615384,0.3076923076923077,0.6153846153846154,0.5384615384615384,226.09307817799288,0.0,0.0,0.7605665904189709,0.4706787243316415,0.9829312519977406,0.646886032050112,0.0
114,490.6666666666667,0.0,0.0,0.8333333333333334,0.2916666666666667,0.5,0.375,222.23737146430236,0.0,0.0,0.701964118163034,0.4643056214875366,1.0215078369104984,0.49453535504684026,0.0
115,501.76,0.0,0.0,0.96,0.44,0.0,0.44,224.5174974621503,0.0,0.0,1.0198039027185573,0.6506407098647712,0.0,0.6506407098647712,0.0
116,501.76,0.0,0.0,1.0,0.56,0.2,0.68,224.5174974621503,0.0,0.0,0.9574271077563381,0.5830951894845301,0.4082482904638631,0.6904105059069326,0.0
117,501.76,0.0,0.0,0.32,0.2,0.08,0.2,224.5174974621503,0.0,0.0,0.5567764362830022,0.5,0.2768874620972691,0.5,0.0
118,501.76,0.0,0.0,1.08,0.72,0.08,0.76,224.5174974621503,0.0,0.0,1.037625494418225,0.45825756949558394,0.2768874620972691,0.5228129047119374,0.0
119,501.76,0.0,0.0,0.84,0.64,0.04,0.68,224.5174974621503,0.0,0.0,0.8504900548115385,0.6999999999999998,0.2000000000000001,0.6904105059069326,0.0
120,501.76,0.0,0.0,0.64,0.76,0.04,0.8,224.5174974621503,0.0,0.0,0.7571877794400362,0.5228129047119374,0.2000000000000001,0.5773502691896258,0.0
121,501.76,0.0,0.0,0.64,0.44,0.0,0.44,224.5174974621503,0.0,0.0,0.8103497187428811,0.5066228051190221,0.0,0.5066228051190221,0.0
122,512.0,0.0,0.0,0.46153846153846156,0.3076923076923077,0.0,0.3076923076923077,226.09307817799288,0.0,0.0,0.646886032050112,0.4706787243316415,0.0,0.4706787243316415,0.0
123,501.76,0.0,0.0,0.32,0.4,0.04,0.44,224.5174974621503,0.0,0.0,0.5567764362830022,0.5,0.2000000000000001,0.5830951894845301,0.0
124,492.3076923076923,0.0,0.0,0.23076923076923078,0.19230769230769232,0.0,0.19230769230769232,225.19942615038238,0.0,0.0,0.514407799916938,0.40191847623425014,0.0,0.40191847623425014,0.0
125,490.6666666666667,0.0,0.0,0.125,0.16666666666666666,0.16666666666666666,0.20833333333333334,222.23737146430236,0.0,0.0,0.44842720314644063,0.48154341234307674,0.3806934938134404,0.5089773777040515,0.0
126,512.0,0.0,0.0,0.11538461538461539,0.15384615384615385,0.0,0.19230769230769232,226.09307817799288,0.0,0.0,0.3258125936084212,0.36794648440311994,0.0,0.40191847623425014,0.0
127,490.6666666666667,0.0,0.0,0.16666666666666666,0.125,0.0,0.125,222.23737146430236,0.0,0.0,0.48154341234307674,0.3378319623460881,0.0,0.3378319623460881,0.0
128,491.52,0.0,0.0,0.16,0.16,0.04,0.16,204.66662323560888,0.0,0.0,0.37416573867739406,0.374165738677394,0.20000000000000004,0.374165738677394,0.0
129,521.8461538461538,0.0,0.0,0.038461538461538464,0.07692307692307693,0.038461538461538464,0.11538461538461539,242.65526036872845,0.0,0.0,0.196116135138184,0.27174648819470304,0.19611613513818393,0.325812593608421,0.0
130,501.76,0.0,0.0,0.84,0.4,0.04,0.4,224.5174974621503,0.0,0.0,0.8981462390204988,0.5000000000000001,0.2000000000000001,0.5000000000000001,0.0
131,480.0,0.0,0.0,0.75,0.4583333333333333,0.0,0.5,200.61817508369734,0.0,0.0,0.8968544062928813,0.5882299658752717,0.0,0.5897678246195885,0.0
132,521.8461538461538,0.0,0.0,0.6153846153846154,0.38461538461538464,0.0,0.38461538461538464,242.65526036872845,0.0,0.0,0.85214661071546,0.4961389383568339,0.0,0.4961389383568339,0.0
133,501.76,0.0,0.0,1.12,0.76,0.08,0.8,224.5174974621503,0.0,0.0,1.0535653752852738,0.7234178138070236,0.2768874620972691,0.816496580927726,0.0
134,501.76,0.0,0.0,1.32,0.8,0.12,0.88,224.5174974621503,0.0,0.0,1.0692676621563624,0.5773502691896257,0.3316624790355402,0.6000000000000001,0.0
135,501.76,0.0,0.0,1.0,0.56,0.0,0.56,224.5174974621503,0.0,0.0,1.118033988749895,0.5830951894845301,0.0,0.5830951894845301,0.0
136,512.0,0.0,0.0,0.9583333333333334,0.5,0.125,0.5833333333333334,223.30326425309363,0.0,0.0,0.8586727202955211,0.659380473395787,0.3378319623460881,0.7755316082290385,0.0
137,480.0,0.0,0.0,0.4583333333333333,0.4166666666666667,0.0,0.4583333333333333,200.61817508369734,0.0,0.0,0.6580053301400786,0.5835920751217646,0.0,0.5882299658752717,0.0
138,492.3076923076923,0.0,0.0,0.23076923076923078,0.34615384615384615,0.038461538461538464,0.38461538461538464,225.19942615038238,0.0,0.0,0.4296689244236598,0.4851645240375839,0.1961161351381839,0.4961389383568339,0.0
139,517.3333333333334,0.0,0.0,0.3333333333333333,0.16666666666666666,0.0,0.16666666666666666,224.8266320807071,0.0,0.0,0.5646597025732799,0.3806934938134405,0.0,0.3806934938134405,0.0
140,492.3076923076923,0.0,0.0,0.15384615384615385,0.11538461538461539,0.11538461538461539,0.34615384615384615,225.19942615038238,0.0,0.0,0.36794648440311994,0.3258125936084212,0.325812593608421,0.4851645240375839,0.0
141,501.76,0.0,0.0,0.04,0.08,0.56,0.32,224.5174974621503,0.0,0.0,0.20000000000000007,0.2768874620972691,0.9165151389911682,0.47609522856952335,0.0
142,501.76,0.0,0.0,0.12,0.12,0.64,0.24,224.5174974621503,0.0,0.0,0.43969686527576407,0.3316624790355401,1.0754843869934452,0.5228129047119374,0.0
143,512.0,0.0,0.0,0.041666666666666664,0.041666666666666664,0.08333333333333333,0.125,223.30326425309363,0.0,0.0,0.2041241452319316,0.2041241452319316,0.40824829046386313,0.3378319623460881,0.0
144,501.76,0.0,0.0,0.2,0.16,0.0,0.16,224.5174974621503,0.0,0.0,0.5,0.37416573867739406,0.0,0.37416573867739406,0.0
145,501.76,0.0,0.0,0.32,0.32,0.08,0.36,224.5174974621503,0.0,0.0,0.4760952285695233,0.4760952285695233,0.2768874620972691,0.5686240703077328,0.0
146,521.8461538461538,0.0,0.0,0.23076923076923078,0.3076923076923077,0.11538461538461539,0.34615384615384615,242.65526036872845,0.0,0.0,0.4296689244236597,0.47067872433164154,0.3258125936084212,0.4851645240375839,0.0
147,480.0,0.0,0.0,0.7083333333333334,0.4166666666666667,0.0,0.4166666666666667,200.61817508369734,0.0,0.0,0.8064504441319252,0.6538625481582944,0.0,0.6538625481582944,0.0
148,512.0,0.0,0.0,1.037037037037037,0.8148148148148148,0.0,0.8148148148148148,243.38130893407066,0.0,0.0,0.8979241650984822,0.5572623354770271,0.0,0.5572623354770271,0.0
149,501.76,0.0,0.0,1.84,0.96,0.0,0.96,224.5174974621503,0.0,0.0,1.34412301024373,0.6110100926607785,0.0,0.6110100926607785,0.0
150,480.0,0.0,0.0,0.6666666666666666,0.4583333333333333,0.0,0.4583333333333333,200.61817508369734,0.0,0.0,0.7613869876268811,0.6580053301400786,0.0,0.6580053301400786,0.0
151,532.48,0.0,0.0,0.8,0.44,0.0,0.48,241.3968240608535,0.0,0.0,0.816496580927726,0.6506407098647712,0.0,0.6531972647421808,0.0
152,501.76,0.0,0.0,1.2,0.48,0.04,0.48,224.5174974621503,0.0,0.0,1.4719601443879742,0.6531972647421808,0.2000000000000001,0.6531972647421808,0.0
153,492.3076923076923,0.0,0.0,0.6538461538461539,0.4230769230769231,0.0,0.4230769230769231,225.19942615038238,0.0,0.0,0.7452413135250993,0.5777942140988899,0.0,0.5777942140988899,0.0
154,480.0,0.0,0.0,0.20833333333333334,0.25,0.08333333333333333,0.2916666666666667,200.61817508369734,0.0,0.0,0.41485111699905336,0.4423258684646914,0.2823298512866399,0.5500329370901873,0.0
155,532.48,0.0,0.0,0.28,0.16,0.0,0.16,241.3968240608535,0.0,0.0,0.6137317546507324,0.374165738677394,0.0,0.374165738677394,0.0
156,480.0,0.0,0.0,0.20833333333333334,0.16666666666666666,0.041666666666666664,0.16666666666666666,200.61817508369734,0.0,0.0,0.41485111699905336,0.3806934938134405,0.20412414523193156,0.3806934938134405,0.0
157,501.76,0.0,0.0,0.04,0.12,0.04,0.16,224.5174974621503,0.0,0.0,0.20000000000000007,0.3316624790355402,0.2000000000000001,0.37416573867739394,0.0
158,492.3076923076923,0.0,0.0,0.2692307692307692,0.15384615384615385,0.07692307692307693,0.15384615384615385,225.19942615038238,0.0,0.0,0.5334935656738372,0.36794648440311994,0.27174648819470304,0.36794648440311994,0.0
159,501.76,0.0,0.0,0.28,0.44,0.0,0.52,224.5174974621503,0.0,0.0,0.6782329983125268,0.5066228051190221,0.0,0.5859465277082316,0.0
160,521.8461538461538,0.0,0.0,0.38461538461538464,0.2692307692307692,0.07692307692307693,0.3076923076923077,242.65526036872845,0.0,0.0,0.4961389383568339,0.452344320861205,0.3922322702763678,0.47067872433164154,0.0
161,501.76,0.0,0.0,0.08,0.16,0.0,0.16,224.5174974621503,0.0,0.0,0.2768874620972691,0.37416573867739406,0.0,0.37416573867739406,0.0
162,501.76,0.0,0.0,0.16,0.08,0.12,0.12,224.5174974621503,0.0,0.0,0.4725815626252607,0.2768874620972691,0.3316624790355402,0.33166247903553997,0.0
163,480.0,0.0,0.0,0.625,0.6666666666666666,0.0,0.7083333333333334,200.61817508369734,0.0,0.0,0.6468989572333266,0.5646597025732799,0.0,0.624093545570845,0.0
164,521.8461538461538,0.0,0.0,1.1153846153846154,0.7307692307692307,0.07692307692307693,0.7692307692307693,242.65526036872845,0.0,0.0,1.107318312931673,0.5334935656738371,0.27174648819470304,0.5870395085642742,0.0
165,501.76,0.0,0.0,0.88,0.48,0.04,0.52,224.5174974621503,0.0,0.0,0.9712534856222311,0.714142842854285,0.2000000000000001,0.7141428428542852,0.0
166,501.76,0.0,0.0,0.44,0.28,0.0,0.28,224.5174974621503,0.0,0.0,0.5066228051190221,0.5416025603090641,0.0,0.5416025603090641,0.0
167,501.76,0.0,0.0,1.0,0.56,0.0,0.56,224.5174974621503,0.0,0.0,1.0801234497346435,0.7118052168020873,0.0,0.7118052168020873,0.0
168,501.76,0.0,0.0,0.8,0.36,0.08,0.48,224.5174974621503,0.0,0.0,0.816496580927726,0.4898979485566356,0.2768874620972691,0.5859465277082317,0.0
169,480.0,0.0,0.0,0.2916666666666667,0.20833333333333334,0.25,0.5416666666666666,200.61817508369734,0.0,0.0,0.5500329370901873,0.41485111699905336,0.531609533071195,0.5089773777040516,0.0
170,501.76,0.0,0.0,0.64,0.36,0.64,0.52,224.5174974621503,0.0,0.0,0.7571877794400363,0.5686240703077328,1.036018017861337,0.6531972647421809,0.0
171,501.76,0.0,0.0,0.6,0.28,0.44,0.36,224.5174974621503,0.0,0.0,0.8164965809277259,0.5416025603090641,0.8698658900466593,0.5686240703077328,0.0
172,501.76,0.0,0.0,0.36,0.16,0.0,0.16,224.5174974621503,0.0,0.0,0.7,0.374165738677394,0.0,0.374165738677394,0.0
173,501.76,0.0,0.0,0.52,0.2,0.08,0.24,224.5174974621503,0.0,0.0,0.6531972647421809,0.5,0.2768874620972691,0.5228129047119373,0.0
174,501.76,0.0,0.0,0.16,0.28,0.16,0.36,224.5174974621503,0.0,0.0,0.37416573867739394,0.45825756949558394,0.4725815626252607,0.5686240703077327,0.0
175,501.76,0.0,0.0,0.32,0.36,0.0,0.36,224.5174974621503,0.0,0.0,0.47609522856952335,0.4898979485566356,0.0,0.4898979485566356,0.0
176,501.76,0.0,0.0,0.32,0.24,0.12,0.28,224.5174974621503,0.0,0.0,0.4760952285695233,0.43588989435406733,0.3316624790355401,0.458257569495584,0.0
177,501.76,0.0,0.0,0.2,0.24,0.0,0.24,224.5174974621503,0.0,0.0,0.5,0.4358898943540673,0.0,0.4358898943540673,0.0
178,501.76,0.0,0.0,0.64,0.52,0.0,0.52,224.5174974621503,0.0,0.0,0.6377042156569663,0.5859465277082317,0.0,0.5859465277082317,0.0
179,501.76,0.0,0.0,0.6,0.6,0.12,0.64,224.5174974621503,0.0,0.0,0.8660254037844384,0.5,0.33166247903554014,0.5686240703077327,0.0
180,501.76,0.0,0.0,0.6,0.68,0.08,0.72,224.5174974621503,0.0,0.0,0.7637626158259733,0.4760952285695233,0.2768874620972691,0.541602560309064,0.0
181,501.76,0.0,0.0,0.64,0.4,0.04,0.44,224.5174974621503,0.0,0.0,0.9521904571390467,0.5773502691896258,0.2000000000000001,0.6506407098647712,0.0
182,506.88,0.0,0.0,0.64,0.24,0.04,0.28,220.09549442609378,0.0,0.0,0.7571877794400362,0.4358898943540673,0.2000000000000001,0.4582575694955841,0.0
183,501.76,0.0,0.0,0.52,0.36,0.0,0.36,224.5174974621503,0.0,0.0,0.7702813338860897,0.5686240703077328,0.0,0.5686240703077328,0.0
184,501.76,0.0,0.0,0.64,0.24,0.0,0.24,224.5174974621503,0.0,0.0,0.9073771725877467,0.5228129047119374,0.0,0.5228129047119374,0.0
185,501.76,0.0,0.0,0.76,0.52,0.0,0.52,224.5174974621503,0.0,0.0,1.1284207253207172,0.5099019513592786,0.0,0.5099019513592786,0.0
186,501.76,0.0,0.0,0.92,0.32,0.0,0.32,224.5174974621503,0.0,0.0,0.9539392014169454,0.47609522856952335,0.0,0.47609522856952335,0.0
187,501.76,0.0,0.0,0.36,0.12,0.08,0.16,224.5174974621503,0.0,0.0,0.5686240703077328,0.33166247903554014,0.2768874620972691,0.37416573867739406,0.0
188,501.76,0.0,0.0,0.28,0.16,0.04,0.2,224.5174974621503,0.0,0.0,0.45825756949558394,0.37416573867739417,0.2000000000000001,0.4082482904638631,0.0
189,501.76,0.0,0.0,0.72,0.4,0.0,0.4,224.5174974621503,0.0,0.0,0.7916228058025279,0.5,0.0,0.5,0.0
190,501.76,0.0,0.0,0.56,0.36,0.04,0.4,224.5174974621503,0.0,0.0,0.7118052168020873,0.5686240703077327,0.2000000000000001,0.5773502691896258,0.0
191,501.76,0.0,0.0,0.32,0.36,0.08,0.4,224.5174974621503,0.0,0.0,0.5567764362830022,0.4898979485566356,0.2768874620972691,0.5,0.0
192,501.76,0.0,0.0,0.28,0.24,0.0,0.24,224.5174974621503,0.0,0.0,0.45825756949558394,0.4358898943540673,0.0,0.4358898943540673,0.0
193,501.76,0.0,0.0,0.68,0.64,0.0,0.64,224.5174974621503,0.0,0.0,0.7483314773547882,0.4898979485566356,0.0,0.4898979485566356,0.0
194,501.76,0.0,0.0,0.6,0.64,0.04,0.68,224.5174974621503,0.0,0.0,0.7071067811865475,0.4898979485566356,0.2000000000000001,0.5567764362830022,0.0
195,501.76,0.0,0.0,0.48,0.44,0.2,0.52,224.5174974621503,0.0,0.0,0.8225975119502044,0.5066228051190221,0.5773502691896258,0.653197264742181,0.0
196,501.76,0.0,0.0,0.32,0.28,0.0,0.28,224.5174974621503,0.0,0.0,0.47609522856952324,0.4582575694955841,0.0,0.4582575694955841,0.0
197,501.76,0.0,0.0,0.2,0.2,0.16,0.52,224.5174974621503,0.0,0.0,0.4082482904638631,0.4082482904638631,0.4725815626252607,0.5859465277082317,0.0
198,501.76,0.0,0.0,0.08,0.16,0.48,0.28,224.5174974621503,0.0,0.0,0.2768874620972691,0.4725815626252608,0.714142842854285,0.6137317546507324,0.0
199,501.76,0.0,0.0,0.48,0.28,0.48,0.4,224.5174974621503,0.0,0.0,0.7141428428542849,0.45825756949558405,0.9626352718795766,0.5000000000000001,0.0
200,501.76,0.0,0.0,1.04,0.52,0.28,0.64,224.5174974621503,0.0,0.0,1.240967364599086,0.7702813338860897,0.6137317546507324,0.8602325267042628,0.0
201,501.76,0.0,0.0,1.04,0.36,0.08,0.4,224.5174974621503,0.0,0.0,1.0984838035522722,0.4898979485566356,0.2768874620972691,0.5,0.0
202,501.76,0.0,0.0,0.56,0.2,0.0,0.24,224.5174974621503,0.0,0.0,0.6506407098647712,0.4082482904638631,0.0,0.43588989435406733,0.0
203,501.76,0.0,0.0,0.2,0.24,0.0,0.24,224.5174974621503,0.0,0.0,0.4082482904638631,0.4358898943540673,0.0,0.4358898943540673,0.0
204,501.76,0.0,0.0,0.76,0.28,0.0,0.28,224.5174974621503,0.0,0.0,0.969535971483266,0.458257569495584,0.0,0.458257569495584,0.0
205,501.76,0.0,0.0,0.76,0.48,0.0,0.48,224.5174974621503,0.0,0.0,0.8306623862918076,0.5099019513592786,0.0,0.5099019513592786,0.0
206,501.76,0.0,0.0,0.72,0.44,0.12,0.48,224.5174974621503,0.0,0.0,0.7916228058025279,0.5066228051190221,0.3316624790355401,0.5859465277082316,0.0
207,501.76,0.0,0.0,0.4,0.36,0.0,0.36,224.5174974621503,0.0,0.0,0.5,0.4898979485566356,0.0,0.4898979485566356,0.0
208,501.76,0.0,0.0,0.72,0.48,0.04,0.52,224.5174974621503,0.0,0.0,0.7916228058025279,0.5859465277082316,0.2000000000000001,0.6531972647421809,0.0
209,501.76,0.0,0.0,0.72,0.76,0.04,0.76,224.5174974621503,0.0,0.0,0.9363047936792093,0.4358898943540673,0.2000000000000001,0.4358898943540673,0.0
210,501.76,0.0,0.0,0.52,0.44,0.0,0.44,224.5174974621503,0.0,0.0,0.653197264742181,0.5066228051190221,0.0,0.5066228051190221,0.0
211,501.76,0.0,0.0,0.4,0.44,0.04,0.48,224.5174974621503,0.0,0.0,0.6454972243679029,0.5830951894845301,0.2000000000000001,0.5859465277082317,0.0
212,501.76,0.0,0.0,0.28,0.28,0.0,0.28,224.5174974621503,0.0,0.0,0.6782329983125268,0.4582575694955841,0.0,0.4582575694955841,0.0
213,501.76,0.0,0.0,0.2,0.24,0.0,0.24,224.5174974621503,0.0,0.0,0.4082482904638631,0.4358898943540673,0.0,0.4358898943540673,0.0
214,501.76,0.0,0.0,0.16,0.16,0.0,0.16,224.5174974621503,0.0,0.0,0.37416573867739406,0.37416573867739406,0.0,0.37416573867739406,0.0
215,501.76,0.0,0.0,0.12,0.12,0.12,0.16,224.5174974621503,0.0,0.0,0.3316624790355401,0.3316624790355401,0.43969686527576407,0.47258156262526074,0.0
216,501.76,0.0,0.0,0.24,0.28,0.04,0.32,224.5174974621503,0.0,0.0,0.6633249580710803,0.458257569495584,0.2000000000000001,0.5567764362830022,0.0
217,501.76,0.0,0.0,0.36,0.16,0.0,0.16,224.5174974621503,0.0,0.0,0.4898979485566356,0.37416573867739406,0.0,0.37416573867739406,0.0
218,501.76,0.0,0.0,0.44,0.24,0.12,0.36,224.5174974621503,0.0,0.0,0.6506407098647712,0.4358898943540673,0.33166247903554,0.5686240703077328,0.0
219,501.76,0.0,0.0,0.88,0.28,0.12,0.32,224.5174974621503,0.0,0.0,0.8326663997864531,0.458257569495584,0.4396968652757642,0.47609522856952335,0.0
220,501.76,0.0,0.0,0.56,0.36,0.0,0.36,224.5174974621503,0.0,0.0,0.9609023536933051,0.4898979485566356,0.0,0.4898979485566356,0.0
221,501.76,0.0,0.0,0.64,0.4,0.0,0.4,224.5174974621503,0.0,0.0,0.6377042156569663,0.5,0.0,0.5,0.0
222,501.76,0.0,0.0,1.08,0.56,0.0,0.56,224.5174974621503,0.0,0.0,1.037625494418225,0.6506407098647711,0.0,0.6506407098647711,0.0
223,501.76,0.0,0.0,1.52,0.84,0.0,0.84,224.5174974621503,0.0,0.0,0.918331820930394,0.47258156262526085,0.0,0.47258156262526085,0.0
224,501.76,0.0,0.0,0.6,0.72,0.0,0.72,224.5174974621503,0.0,0.0,0.8164965809277259,0.7371114795831993,0.0,0.7371114795831993,0.0
225,501.76,0.0,0.0,0.8,0.52,0.04,0.72,224.5174974621503,0.0,0.0,0.8164965809277259,0.5859465277082316,0.2000000000000001,0.6137317546507322,0.0
226,501.76,0.0,0.0,0.44,0.44,0.2,0.68,224.5174974621503,0.0,0.0,0.7118052168020874,0.5830951894845301,0.4082482904638631,0.7483314773547882,0.0
227,501.76,0.0,0.0,0.36,0.28,0.6,0.4,224.5174974621503,0.0,0.0,0.7000000000000001,0.458257569495584,0.8164965809277259,0.5,0.0
228,501.76,0.0,0.0,0.24,0.32,0.4,0.44,224.5174974621503,0.0,0.0,0.5972157622389641,0.47609522856952335,0.9128709291752769,0.5066228051190221,0.0
229,501.76,0.0,0.0,0.4,0.28,0.16,0.28,224.5174974621503,0.0,0.0,0.5,0.4582575694955841,0.3741657386773941,0.4582575694955841,0.0
230,501.76,0.0,0.0,0.16,0.24,0.04,0.24,224.5174974621503,0.0,0.0,0.47258156262526074,0.43588989435406733,0.2000000000000001,0.43588989435406733,0.0
231,501.76,0.0,0.0,0.16,0.2,0.04,0.28,224.5174974621503,0.0,0.0,0.47258156262526074,0.4082482904638631,0.2000000000000001,0.5416025603090641,0.0
232,501.76,0.0,0.0,0.12,0.12,0.04,0.16,224.5174974621503,0.0,0.0,0.3316624790355401,0.3316624790355401,0.2000000000000001,0.37416573867739406,0.0
233,501.76,0.0,0.0,0.04,0.0,0.0,0.0,224.5174974621503,0.0,0.0,0.20000000000000007,0.0,0.0,0.0,0.0
234,501.76,0.0,0.0,0.12,0.12,0.12,0.16,224.5174974621503,0.0,0.0,0.33166247903554,0.33166247903554,0.3316624790355401,0.4725815626252608,0.0
235,501.76,0.0,0.0,0.8,0.52,0.0,0.52,224.5174974621503,0.0,0.0,0.816496580927726,0.6531972647421809,0.0,0.6531972647421809,0.0
236,501.76,0.0,0.0,0.96,0.32,0.0,0.32,224.5174974621503,0.0,0.0,0.9780933834080807,0.47609522856952335,0.0,0.47609522856952335,0.0
237,501.76,0.0,0.0,0.96,0.44,0.08,0.48,224.5174974621503,0.0,0.0,0.9780933834080808,0.5066228051190221,0.2768874620972691,0.5859465277082316,0.0
238,501.76,0.0,0.0,1.08,0.84,0.04,0.88,224.5174974621503,0.0,0.0,1.2220201853215573,0.5537749241945382,0.2000000000000001,0.6658328118479394,0.0
239,501.76,0.0,0.0,1.32,0.72,0.0,0.72,224.5174974621503,0.0,0.0,1.4640127503998503,0.6137317546507324,0.0,0.6137317546507324,0.0
240,501.76,0.0,0.0,0.96,0.68,0.0,0.68,224.5174974621503,0.0,0.0,0.9345230512584125,0.627162924074226,0.0,0.627162924074226,0.0
241,501.76,0.0,0.0,0.44,0.44,0.0,0.44,224.5174974621503,0.0,0.0,0.5830951894845301,0.5830951894845301,0.0,0.5830951894845301,0.0
242,501.76,0.0,0.0,0.6,0.48,0.04,0.48,224.5174974621503,0.0,0.0,0.5773502691896258,0.5099019513592786,0.2000000000000001,0.5099019513592786,0.0
243,502.15384615384613,0.0,0.0,0.46153846153846156,0.3076923076923077,0.0,0.34615384615384615,219.99048930491378,0.0,0.0,0.5817744738827396,0.4706787243316415,0.0,0.5615911461059686,0.0
244,501.3333333333333,0.0,0.0,0.2916666666666667,0.20833333333333334,0.041666666666666664,0.20833333333333334,229.33602964373833,0.0,0.0,0.5500329370901873,0.41485111699905336,0.2041241452319316,0.41485111699905336,0.0
245,502.15384615384613,0.0,0.0,0.19230769230769232,0.23076923076923078,0.038461538461538464,0.2692307692307692,219.99048930491378,0.0,0.0,0.4914656259988703,0.42966892442365956,0.1961161351381839,0.5334935656738371,0.0
246,501.76,0.0,0.0,0.12,0.12,0.12,0.2,224.5174974621503,0.0,0.0,0.6000000000000001,0.3316624790355401,0.33166247903554,0.5,0.0
247,506.6666666666667,0.0,0.0,0.125,0.16666666666666666,0.041666666666666664,0.25,227.9730469703108,0.0,0.0,0.3378319623460881,0.3806934938134405,0.20412414523193162,0.4423258684646914,0.0
248,501.76,0.0,0.0,0.16,0.12,0.04,0.12,224.5174974621503,0.0,0.0,0.37416573867739406,0.33166247903554,0.2000000000000001,0.33166247903554,0.0
249,501.76,0.0,0.0,0.2,0.32,0.0,0.32,224.5174974621503,0.0,0.0,0.4082482904638631,0.47609522856952324,0.0,0.47609522856952324,0.0
250,501.76,0.0,0.0,0.2,0.16,0.0,0.16,224.5174974621503,0.0,0.0,0.4082482904638631,0.37416573867739406,0.0,0.37416573867739406,0.0
251,501.76,0.0,0.0,0.36,0.24,0.08,0.28,224.5174974621503,0.0,0.0,0.6377042156569664,0.4358898943540673,0.2768874620972691,0.5416025603090641,0.0
252,501.76,0.0,0.0,0.8,0.48,0.0,0.48,224.5174974621503,0.0,0.0,0.7637626158259733,0.714142842854285,0.0,0.714142842854285,0.0
253,507.0769230769231,0.0,0.0,0.7692307692307693,0.6538461538461539,0.15384615384615385,0.8461538461538461,221.64564928316065,0.0,0.0,1.0318020084373671,0.5615911461059686,0.36794648440312006,0.7316998123442532,0.0
254,496.0,0.0,0.0,1.0416666666666667,0.625,0.3333333333333333,0.8333333333333334,227.451667106586,0.0,0.0,0.8064504441319252,0.5757792451369143,0.7019641181630336,0.6370220572706062,0.0
255,501.76,0.0,0.0,0.96,0.68,0.44,0.88,224.5174974621503,0.0,0.0,1.019803902718557,0.5567764362830022,0.7118052168020874,0.6658328118479394,0.0
256,501.76,0.0,0.0,1.32,0.6,0.36,0.72,224.5174974621503,0.0,0.0,1.2819256348686277,0.7071067811865475,0.6377042156569663,0.7916228058025279,0.0
257,501.76,0.0,0.0,0.8,0.56,0.28,0.64,224.5174974621503,0.0,0.0,0.7637626158259734,0.5066228051190221,0.45825756949558394,0.48989794855663565,0.0
258,501.76,0.0,0.0,0.64,0.36,0.12,0.36,224.5174974621503,0.0,0.0,0.7571877794400362,0.5686240703077328,0.33166247903553997,0.5686240703077328,0.0
259,501.76,0.0,0.0,0.52,0.32,0.0,0.32,224.5174974621503,0.0,0.0,0.8225975119502045,0.5567764362830022,0.0,0.5567764362830022,0.0
260,501.76,0.0,0.0,0.6,0.2,0.04,0.24,224.5174974621503,0.0,0.0,0.7637626158259733,0.5,0.2000000000000001,0.5228129047119373,0.0
261,507.0769230769231,0.0,0.0,0.07692307692307693,0.07692307692307693,0.0,0.07692307692307693,221.64564928316065,0.0,0.0,0.27174648819470304,0.27174648819470304,0.0,0.27174648819470304,0.0
262,496.0,0.0,0.0,0.041666666666666664,0.08333333333333333,0.0,0.08333333333333333,227.451667106586,0.0,0.0,0.20412414523193156,0.28232985128663995,0.0,0.28232985128663995,0.0
263,501.76,0.0,0.0,0.12,0.16,0.0,0.16,224.5174974621503,0.0,0.0,0.33166247903554,0.37416573867739406,0.0,0.37416573867739406,0.0
264,501.76,0.0,0.0,0.2,0.24,0.04,0.28,224.5174974621503,0.0,0.0,0.5,0.4358898943540673,0.2000000000000001,0.45825756949558394,0.0
265,501.76,0.0,0.0,0.48,0.4,0.0,0.4,224.5174974621503,0.0,0.0,0.7141428428542851,0.5,0.0,0.5,0.0
266,501.76,0.0,0.0,0.24,0.16,0.0,0.16,224.5174974621503,0.0,0.0,0.5228129047119373,0.37416573867739406,0.0,0.37416573867739406,0.0
267,501.76,0.0,0.0,0.28,0.4,0.04,0.44,224.5174974621503,0.0,0.0,0.458257569495584,0.5,0.2000000000000001,0.5830951894845301,0.0
268,496.0,0.0,0.0,0.5833333333333334,0.5833333333333334,0.08333333333333333,0.6666666666666666,227.451667106586,0.0,0.0,0.829702233998107,0.5835920751217646,0.2823298512866399,0.7613869876268811,0.0
269,501.76,0.0,0.0,1.08,0.84,0.08,0.88,224.5174974621503,0.0,0.0,0.99666109251507,0.5537749241945382,0.2768874620972691,0.6000000000000001,0.0
270,501.76,0.0,0.0,1.16,0.56,0.04,0.56,224.5174974621503,0.0,0.0,0.8981462390204988,0.6506407098647711,0.2000000000000001,0.6506407098647711,0.0
271,501.76,0.0,0.0,1.08,0.64,0.0,0.64,224.5174974621503,0.0,0.0,0.99666109251507,0.6999999999999998,0.0,0.6999999999999998,0.0
272,501.76,0.0,0.0,0.52,0.28,0.0,0.28,224.5174974621503,0.0,0.0,0.714142842854285,0.45825756949558405,0.0,0.45825756949558405,0.0
273,501.76,0.0,0.0,0.52,0.32,0.08,0.36,224.5174974621503,0.0,0.0,0.8225975119502045,0.4760952285695233,0.2768874620972691,0.5686240703077327,0.0
274,501.76,0.0,0.0,0.24,0.16,0.04,0.16,224.5174974621503,0.0,0.0,0.5228129047119374,0.37416573867739406,0.20000000000000004,0.37416573867739406,0.0
275,501.76,0.0,0.0,0.68,0.32,0.04,0.36,224.5174974621503,0.0,0.0,0.6271629240742259,0.4760952285695233,0.2000000000000001,0.5686240703077327,0.0
276,501.76,0.0,0.0,0.4,0.28,0.04,0.32,224.5174974621503,0.0,0.0,0.7071067811865476,0.4582575694955841,0.2000000000000001,0.47609522856952335,0.0
277,507.0769230769231,0.0,0.0,0.38461538461538464,0.3076923076923077,0.0,0.3076923076923077,221.64564928316065,0.0,0.0,0.752431954500768,0.47067872433164154,0.0,0.47067872433164154,0.0
278,496.0,0.0,0.0,0.8333333333333334,0.25,0.0,0.25,227.451667106586,0.0,0.0,0.8164965809277261,0.4423258684646914,0.0,0.4423258684646914,0.0
279,501.76,0.0,0.0,0.2,0.28,0.0,0.28,224.5174974621503,0.0,0.0,0.4082482904638631,0.45825756949558394,0.0,0.45825756949558394,0.0
280,501.76,0.0,0.0,0.2,0.4,0.0,0.4,224.5174974621503,0.0,0.0,0.5,0.5773502691896258,0.0,0.5773502691896258,0.0
281,501.76,0.0,0.0,0.44,0.32,0.12,0.36,224.5174974621503,0.0,0.0,0.7118052168020874,0.4760952285695233,0.3316624790355401,0.4898979485566356,0.0
282,501.76,0.0,0.0,0.24,0.16,0.16,0.36,224.5174974621503,0.0,0.0,0.5228129047119373,0.37416573867739406,0.4725815626252607,0.4898979485566356,0.0
283,501.76,0.0,0.0,0.52,0.64,0.36,0.88,224.5174974621503,0.0,0.0,0.7141428428542851,0.4898979485566356,0.6377042156569663,0.725718035235908,0.0
284,501.76,0.0,0.0,0.64,0.52,0.44,0.64,224.5174974621503,0.0,0.0,0.7571877794400363,0.5099019513592786,0.7118052168020874,0.5686240703077328,0.0
285,501.76,0.0,0.0,0.6,0.6,0.32,0.72,224.5174974621503,0.0,0.0,0.7071067811865475,0.5773502691896258,0.5567764362830022,0.7371114795831993,0.0
286,501.76,0.0,0.0,0.52,0.36,0.2,0.44,224.5174974621503,0.0,0.0,0.7141428428542851,0.5686240703077327,0.4082482904638631,0.5830951894845301,0.0
287,501.76,0.0,0.0,0.64,0.36,0.04,0.36,224.5174974621503,0.0,0.0,0.8103497187428811,0.5686240703077327,0.2,0.5686240703077327,0.0
288,507.0769230769231,0.0,0.0,1.0,0.38461538461538464,0.0,0.38461538461538464,221.64564928316065,0.0,0.0,0.848528137423857,0.4961389383568339,0.0,0.4961389383568339,0.0
289,501.76,0.0,0.0,0.52,0.36,0.04,0.4,224.5174974621503,0.0,0.0,0.8225975119502045,0.4898979485566356,0.2000000000000001,0.5,0.0
290,501.76,0.0,0.0,0.92,0.32,0.08,0.36,224.5174974621503,0.0,0.0,1.2220201853215575,0.47609522856952335,0.2768874620972691,0.5686240703077328,0.0
291,501.76,0.0,0.0,0.48,0.32,0.0,0.32,224.5174974621503,0.0,0.0,0.7702813338860894,0.47609522856952335,0.0,0.47609522856952335,0.0
292,501.76,0.0,0.0,0.48,0.2,0.04,0.24,224.5174974621503,0.0,0.0,0.5859465277082316,0.40824829046386313,0.2000000000000001,0.4358898943540673,0.0
293,501.76,0.0,0.0,0.48,0.24,0.0,0.24,224.5174974621503,0.0,0.0,0.5099019513592786,0.4358898943540673,0.0,0.4358898943540673,0.0
294,501.76,0.0,0.0,0.68,0.36,0.04,0.4,224.5174974621503,0.0,0.0,0.6904105059069326,0.5686240703077328,0.2000000000000001,0.5773502691896258,0.0
295,501.76,0.0,0.0,0.44,0.32,0.0,0.32,224.5174974621503,0.0,0.0,0.5830951894845301,0.47609522856952347,0.0,0.47609522856952347,0.0
296,496.0,0.0,0.0,0.25,0.2916666666666667,0.0,0.2916666666666667,227.451667106586,0.0,0.0,0.4423258684646914,0.4643056214875366,0.0,0.4643056214875366,0.0
297,501.76,0.0,0.0,0.32,0.2,0.0,0.2,224.5174974621503,0.0,0.0,0.47609522856952335,0.4082482904638631,0.0,0.4082482904638631,0.0
298,501.76,0.0,0.0,0.48,0.64,0.04,0.68,224.5174974621503,0.0,0.0,0.8717797887081346,0.5686240703077327,0.20000000000000004,0.6271629240742259,0.0
299,501.76,0.0,0.0,0.64,0.6,0.04,0.6,224.5174974621503,0.0,0.0,0.7571877794400363,0.6454972243679027,0.2000000000000001,0.6454972243679027,0.0
300,501.76,0.0,0.0,0.44,0.56,0.0,0.56,224.5174974621503,0.0,0.0,0.5830951894845301,0.5066228051190221,0.0,0.5066228051190221,0.0
301,507.0769230769231,0.0,0.0,0.34615384615384615,0.2692307692307692,0.0,0.3076923076923077,221.64564928316065,0.0,0.0,0.5615911461059685,0.4523443208612051,0.0,0.47067872433164143,0.0
302,501.76,0.0,0.0,0.4,0.32,0.12,0.36,224.5174974621503,0.0,0.0,0.6454972243679029,0.47609522856952335,0.4396968652757642,0.4898979485566356,0.0
303,501.76,0.0,0.0,0.2,0.24,0.04,0.28,224.5174974621503,0.0,0.0,0.5773502691896257,0.4358898943540673,0.2000000000000001,0.5416025603090641,0.0
304,501.76,0.0,0.0,0.48,0.28,0.0,0.28,224.5174974621503,0.0,0.0,0.6531972647421808,0.45825756949558405,0.0,0.45825756949558405,0.0
305,501.76,0.0,0.0,0.68,0.24,0.04,0.28,224.5174974621503,0.0,0.0,0.7483314773547882,0.5228129047119374,0.2000000000000001,0.5416025603090641,0.0
306,501.76,0.0,0.0,0.64,0.24,0.08,0.28,224.5174974621503,0.0,0.0,0.9521904571390467,0.4358898943540673,0.2768874620972691,0.458257569495584,0.0
307,501.76,0.0,0.0,0.64,0.28,0.0,0.28,224.5174974621503,0.0,0.0,0.7571877794400362,0.458257569495584,0.0,0.458257569495584,0.0
308,501.76,0.0,0.0,0.52,0.24,0.0,0.24,224.5174974621503,0.0,0.0,0.7141428428542851,0.4358898943540673,0.0,0.4358898943540673,0.0
309,501.76,0.0,0.0,1.08,0.32,0.04,0.32,224.5174974621503,0.0,0.0,0.8621678104251707,0.47609522856952335,0.20000000000000007,0.47609522856952335,0.0
310,501.76,0.0,0.0,0.48,0.48,0.24,0.64,224.5174974621503,0.0,0.0,0.714142842854285,0.5859465277082316,0.4358898943540673,0.7571877794400362,0.0
311,496.0,0.0,0.0,0.2916666666666667,0.25,0.25,0.5833333333333334,227.451667106586,0.0,0.0,0.6240935455708451,0.4423258684646914,0.4423258684646914,0.5835920751217646,0.0
312,507.0769230769231,0.0,0.0,0.5769230769230769,0.3076923076923077,0.3076923076923077,0.46153846153846156,221.64564928316065,0.0,0.0,0.7027418828034614,0.4706787243316415,0.6176879969195302,0.646886032050112,0.0
313,501.76,0.0,0.0,0.6,0.68,0.4,0.76,224.5174974621503,0.0,0.0,0.8164965809277259,0.5567764362830021,0.6454972243679029,0.6633249580710799,0.0
314,506.88,0.0,0.0,0.6,0.52,0.24,0.64,220.09549442609378,0.0,0.0,0.7071067811865475,0.5099019513592786,0.597215762238964,0.5686240703077327,0.0
315,501.76,0.0,0.0,0.64,0.6,0.16,0.6,224.5174974621503,0.0,0.0,0.6377042156569662,0.5000000000000001,0.3741657386773941,0.5000000000000001,0.0
316,501.76,0.0,0.0,0.44,0.28,0.0,0.28,224.5174974621503,0.0,0.0,0.7681145747868608,0.45825756949558405,0.0,0.45825756949558405,0.0
317,496.0,0.0,0.0,0.20833333333333334,0.2916666666666667,0.08333333333333333,0.2916666666666667,227.451667106586,0.0,0.0,0.41485111699905336,0.4643056214875365,0.2823298512866399,0.4643056214875365,0.0
318,501.76,0.0,0.0,0.12,0.24,0.08,0.32,224.5174974621503,0.0,0.0,0.3316624790355401,0.4358898943540673,0.2768874620972691,0.6271629240742257,0.0
319,501.76,0.0,0.0,0.24,0.16,0.0,0.16,224.5174974621503,0.0,0.0,0.5228129047119374,0.37416573867739406,0.0,0.37416573867739406,0.0
320,507.0769230769231,0.0,0.0,0.11538461538461539,0.11538461538461539,0.0,0.11538461538461539,221.64564928316065,0.0,0.0,0.32581259360842113,0.3258125936084212,0.0,0.3258125936084212,0.0
321,501.76,0.0,0.0,0.32,0.2,0.08,0.24,224.5174974621503,0.0,0.0,0.5567764362830022,0.4082482904638631,0.2768874620972691,0.5228129047119373,0.0
322,501.76,0.0,0.0,0.48,0.32,0.0,0.36,224.5174974621503,0.0,0.0,0.7702813338860895,0.5567764362830023,0.0,0.5686240703077328,0.0
323,496.0,0.0,0.0,0.4166666666666667,0.16666666666666666,0.041666666666666664,0.16666666666666666,227.451667106586,0.0,0.0,0.7172815023567723,0.48154341234307674,0.20412414523193165,0.48154341234307674,0.0
324,501.76,0.0,0.0,0.68,0.32,0.0,0.32,224.5174974621503,0.0,0.0,0.7483314773547882,0.5567764362830022,0.0,0.5567764362830022,0.0
325,501.76,0.0,0.0,0.76,0.24,0.04,0.24,224.5174974621503,0.0,0.0,0.9255628917943216,0.5228129047119374,0.20000000000000004,0.5228129047119374,0.0
326,501.76,0.0,0.0,0.6,0.56,0.04,0.6,224.5174974621503,0.0,0.0,0.8164965809277259,0.5830951894845301,0.2000000000000001,0.5773502691896258,0.0
327,501.76,0.0,0.0,0.92,0.56,0.16,0.68,224.5174974621503,0.0,0.0,0.9966610925150701,0.7118052168020873,0.47258156262526063,0.8999999999999998,0.0
328,501.76,0.0,0.0,0.8,0.52,0.0,0.52,224.5174974621503,0.0,0.0,0.8660254037844386,0.5099019513592786,0.0,0.5099019513592786,0.0
329,501.76,0.0,0.0,1.16,0.88,0.0,0.88,224.5174974621503,0.0,0.0,0.8981462390204988,0.5259911279353168,0.0,0.5259911279353168,0.0
330,507.0769230769231,0.0,0.0,0.8461538461538461,0.38461538461538464,0.0,0.38461538461538464,221.64564928316065,0.0,0.0,0.7316998123442531,0.6373020054525531,0.0,0.6373020054525531,0.0
331,501.76,0.0,0.0,0.44,0.56,0.0,0.56,224.5174974621503,0.0,0.0,0.6506407098647712,0.5830951894845301,0.0,0.5830951894845301,0.0
332,496.0,0.0,0.0,0.5,0.3333333333333333,0.0,0.3333333333333333,227.451667106586,0.0,0.0,0.659380473395787,0.48154341234307674,0.0,0.48154341234307674,0.0
333,507.0769230769231,0.0,0.0,0.19230769230769232,0.3076923076923077,0.038461538461538464,0.3076923076923077,221.64564928316065,0.0,0.0,0.4019184762342501,0.4706787243316415,0.1961161351381839,0.4706787243316415,0.0
334,501.76,0.0,0.0,0.24,0.08,0.12,0.2,224.5174974621503,0.0,0.0,0.5228129047119373,0.2768874620972691,0.3316624790355402,0.5,0.0
335,501.76,0.0,0.0,0.12,0.2,0.0,0.2,224.5174974621503,0.0,0.0,0.3316624790355401,0.5,0.0,0.5,0.0
336,501.76,0.0,0.0,0.16,0.12,0.0,0.12,224.5174974621503,0.0,0.0,0.37416573867739406,0.3316624790355401,0.0,0.3316624790355401,0.0
337,496.0,0.0,0.0,0.125,0.20833333333333334,0.0,0.20833333333333334,227.451667106586,0.0,0.0,0.3378319623460881,0.41485111699905336,0.0,0.41485111699905336,0.0
338,501.76,0.0,0.0,0.28,0.2,0.0,0.2,224.5174974621503,0.0,0.0,0.458257569495584,0.4082482904638631,0.0,0.4082482904638631,0.0
339,501.76,0.0,0.0,0.48,0.12,0.24,0.32,224.5174974621503,0.0,0.0,0.7702813338860894,0.33166247903553997,0.4358898943540673,0.5567764362830023,0.0
340,507.0769230769231,0.0,0.0,0.5384615384615384,0.4230769230769231,0.4230769230769231,0.7692307692307693,221.64564928316065,0.0,0.0,0.8114564304148059,0.5038314736557788,0.9021342216356468,0.7103628541917045,0.0
341,501.76,0.0,0.0,0.76,0.4,0.36,0.44,224.5174974621503,0.0,0.0,0.8306623862918076,0.5773502691896258,0.7,0.6506407098647712,0.0
342,496.0,0.0,0.0,0.7083333333333334,0.4583333333333333,0.25,0.5833333333333334,227.451667106586,0.0,0.0,0.9545846657358218,0.7210600087592463,0.4423258684646914,0.7755316082290387,0.0
343,501.76,0.0,0.0,1.32,0.6,0.36,0.68,224.5174974621503,0.0,0.0,1.4059397805975433,0.6454972243679027,0.7,0.6904105059069326,0.0
344,501.76,0.0,0.0,1.2,0.92,0.0,0.92,224.5174974621503,0.0,0.0,1.0801234497346435,0.6403124237432849,0.0,0.6403124237432849,0.0
345,501.76,0.0,0.0,1.0,0.64,0.0,0.64,224.5174974621503,0.0,0.0,1.0,0.7571877794400363,0.0,0.7571877794400363,0.0
346,501.76,0.0,0.0,0.76,0.56,0.0,0.56,224.5174974621503,0.0,0.0,0.7788880963698616,0.5830951894845301,0.0,0.5830951894845301,0.0
347,501.76,0.0,0.0,0.56,0.52,0.0,0.52,224.5174974621503,0.0,0.0,0.8205689083394113,0.653197264742181,0.0,0.653197264742181,0.0
348,501.76,0.0,0.0,0.32,0.32,0.0,0.32,224.5174974621503,0.0,0.0,0.6271629240742258,0.47609522856952335,0.0,0.47609522856952335,0.0
349,501.76,0.0,0.0,0.36,0.28,0.04,0.28,224.5174974621503,0.0,0.0,0.48989794855663565,0.4582575694955841,0.2000000000000001,0.4582575694955841,0.0
350,501.76,0.0,0.0,0.2,0.16,0.16,0.2,224.5174974621503,0.0,0.0,0.6454972243679025,0.37416573867739394,0.37416573867739394,0.4082482904638631,0.0
351,501.76,0.0,0.0,0.08,0.08,0.0,0.12,224.5174974621503,0.0,0.0,0.2768874620972691,0.2768874620972691,0.0,0.33166247903554014,0.0
352,501.76,0.0,0.0,0.04,0.08,0.0,0.08,224.5174974621503,0.0,0.0,0.20000000000000004,0.2768874620972691,0.0,0.2768874620972691,0.0
353,501.76,0.0,0.0,0.04,0.04,0.0,0.04,224.5174974621503,0.0,0.0,0.20000000000000007,0.20000000000000004,0.0,0.20000000000000004,0.0
354,501.76,0.0,0.0,0.08,0.16,0.04,0.16,224.5174974621503,0.0,0.0,0.27688746209726917,0.37416573867739406,0.20000000000000004,0.37416573867739406,0.0
355,501.76,0.0,0.0,0.4,0.32,0.2,0.44,224.5174974621503,0.0,0.0,0.7637626158259734,0.4760952285695233,0.5,0.5830951894845301,0.0
356,507.0769230769231,0.0,0.0,0.6153846153846154,0.3076923076923077,0.038461538461538464,0.34615384615384615,221.64564928316065,0.0,0.0,0.8038369524685003,0.5491251783869151,0.1961161351381839,0.6287961636211017,0.0
357,501.76,0.0,0.0,1.12,0.52,0.0,0.52,224.5174974621503,0.0,0.0,0.9273618495495703,0.5859465277082316,0.0,0.5859465277082316,0.0
358,501.76,0.0,0.0,1.12,0.96,0.0,0.96,224.5174974621503,0.0,0.0,1.0923979738782623,0.6110100926607785,0.0,0.6110100926607785,0.0
359,501.76,0.0,0.0,0.92,0.68,0.04,0.72,224.5174974621503,0.0,0.0,0.9092121131323903,0.6271629240742259,0.20000000000000007,0.7371114795831994,0.0
360,501.76,0.0,0.0,1.32,0.68,0.04,0.68,224.5174974621503,0.0,0.0,0.9451631252505216,0.6904105059069326,0.2000000000000001,0.6904105059069326,0.0
361,501.76,0.0,0.0,0.52,0.4,0.08,0.44,224.5174974621503,0.0,0.0,0.5859465277082317,0.5,0.2768874620972691,0.5830951894845301,0.0
362,496.0,0.0,0.0,0.6666666666666666,0.4583333333333333,0.125,0.5,227.451667106586,0.0,0.0,1.0072203103706696,0.5882299658752717,0.3378319623460881,0.659380473395787,0.0
363,507.0769230769231,0.0,0.0,0.6923076923076923,0.3076923076923077,0.0,0.34615384615384615,221.64564928316065,0.0,0.0,0.9703290480751676,0.4706787243316415,0.0,0.4851645240375838,0.0
364,501.76,0.0,0.0,0.44,0.32,0.04,0.36,224.5174974621503,0.0,0.0,0.6506407098647712,0.5567764362830023,0.20000000000000007,0.6377042156569664,0.0
365,501.76,0.0,0.0,0.6,0.4,0.04,0.4,224.5174974621503,0.0,0.0,0.7071067811865475,0.5773502691896258,0.2000000000000001,0.5773502691896258,0.0
366,501.76,0.0,0.0,0.16,0.2,0.0,0.2,224.5174974621503,0.0,0.0,0.37416573867739406,0.4082482904638631,0.0,0.4082482904638631,0.0
367,501.76,0.0,0.0,0.12,0.08,0.0,0.12,224.5174974621503,0.0,0.0,0.43969686527576407,0.27688746209726917,0.0,0.3316624790355401,0.0
368,501.76,0.0,0.0,0.04,0.04,0.28,0.36,224.5174974621503,0.0,0.0,0.2000000000000001,0.2000000000000001,0.458257569495584,0.5686240703077328,0.0
369,501.76,0.0,0.0,0.16,0.28,0.48,0.44,224.5174974621503,0.0,0.0,0.5537749241945382,0.458257569495584,0.7702813338860894,0.5830951894845301,0.0
370,501.76,0.0,0.0,0.36,0.28,0.28,0.4,224.5174974621503,0.0,0.0,0.48989794855663565,0.458257569495584,0.5416025603090641,0.5,0.0
371,501.76,0.0,0.0,0.24,0.2,0.24,0.28,224.5174974621503,0.0,0.0,0.43588989435406733,0.4082482904638631,0.5228129047119374,0.45825756949558394,0.0
372,501.76,0.0,0.0,0.28,0.32,0.12,0.32,224.5174974621503,0.0,0.0,0.45825756949558394,0.47609522856952335,0.33166247903553997,0.47609522856952335,0.0
373,501.76,0.0,0.0,0.56,0.56,0.0,0.56,224.5174974621503,0.0,0.0,0.7118052168020873,0.5066228051190221,0.0,0.5066228051190221,0.0
374,501.76,0.0,0.0,0.88,0.72,0.0,0.72,224.5174974621503,0.0,0.0,0.8812869377601524,0.541602560309064,0.0,0.541602560309064,0.0
375,501.76,0.0,0.0,1.08,0.76,0.0,0.76,224.5174974621503,0.0,0.0,0.9092121131323903,0.6633249580710799,0.0,0.6633249580710799,0.0
376,501.76,0.0,0.0,1.12,0.56,0.0,0.56,224.5174974621503,0.0,0.0,1.1298967504452195,0.650640709864771,0.0,0.650640709864771,0.0
377,501.76,0.0,0.0,1.2,0.4,0.0,0.44,224.5174974621503,0.0,0.0,0.7637626158259733,0.5773502691896258,0.0,0.5830951894845301,0.0
378,501.76,0.0,0.0,0.96,0.52,0.04,0.52,224.5174974621503,0.0,0.0,0.9780933834080807,0.5859465277082317,0.2000000000000001,0.5859465277082317,0.0
379,501.76,0.0,0.0,0.56,0.32,0.08,0.36,224.5174974621503,0.0,0.0,0.6506407098647712,0.47609522856952335,0.2768874620972691,0.5686240703077328,0.0
380,501.76,0.0,0.0,0.32,0.28,0.0,0.28,224.5174974621503,0.0,0.0,0.5567764362830022,0.458257569495584,0.0,0.458257569495584,0.0
381,501.76,0.0,0.0,0.4,0.2,0.0,0.2,224.5174974621503,0.0,0.0,0.5773502691896258,0.4082482904638631,0.0,0.4082482904638631,0.0
382,501.76,0.0,0.0,0.24,0.12,0.0,0.12,224.5174974621503,0.0,0.0,0.6633249580710803,0.33166247903554,0.0,0.33166247903554,0.0
383,501.76,0.0,0.0,0.16,0.12,0.2,0.2,224.5174974621503,0.0,0.0,0.4725815626252608,0.3316624790355401,0.5,0.5,0.0
384,501.76,0.0,0.0,0.2,0.24,0.08,0.28,224.5174974621503,0.0,0.0,0.4082482904638631,0.43588989435406733,0.2768874620972691,0.45825756949558394,0.0
385,501.76,0.0,0.0,0.24,0.28,0.04,0.32,224.5174974621503,0.0,0.0,0.5228129047119373,0.45825756949558394,0.2000000000000001,0.4760952285695233,0.0
386,501.76,0.0,0.0,0.28,0.2,0.0,0.2,224.5174974621503,0.0,0.0,0.5416025603090642,0.4082482904638631,0.0,0.4082482904638631,0.0
387,501.76,0.0,0.0,0.2,0.24,0.0,0.24,224.5174974621503,0.0,0.0,0.40824829046386313,0.4358898943540673,0.0,0.4358898943540673,0.0
388,501.76,0.0,0.0,0.6,0.56,0.0,0.56,224.5174974621503,0.0,0.0,0.8660254037844385,0.5066228051190221,0.0,0.5066228051190221,0.0
389,501.76,0.0,0.0,0.56,0.76,0.08,0.76,224.5174974621503,0.0,0.0,0.7118052168020872,0.4358898943540673,0.2768874620972691,0.4358898943540673,0.0
390,501.76,0.0,0.0,0.6,0.56,0.08,0.6,224.5174974621503,0.0,0.0,0.7071067811865475,0.5066228051190221,0.2768874620972691,0.5773502691896258,0.0
391,501.76,0.0,0.0,0.44,0.24,0.08,0.32,224.5174974621503,0.0,0.0,0.5830951894845301,0.4358898943540673,0.2768874620972691,0.6271629240742259,0.0
392,501.76,0.0,0.0,0.76,0.56,0.04,0.6,224.5174974621503,0.0,0.0,0.7788880963698617,0.5066228051190221,0.2000000000000001,0.5773502691896258,0.0
393,501.76,0.0,0.0,0.76,0.36,0.08,0.44,224.5174974621503,0.0,0.0,0.8306623862918077,0.5686240703077328,0.2768874620972691,0.6506407098647712,0.0
394,501.76,0.0,0.0,0.44,0.24,0.04,0.24,224.5174974621503,0.0,0.0,0.5830951894845301,0.43588989435406733,0.2000000000000001,0.43588989435406733,0.0
395,501.76,0.0,0.0,0.44,0.36,0.0,0.36,224.5174974621503,0.0,0.0,0.5830951894845301,0.5686240703077328,0.0,0.5686240703077328,0.0
396,501.76,0.0,0.0,0.84,0.32,0.12,0.44,224.5174974621503,0.0,0.0,0.8000000000000003,0.5567764362830022,0.33166247903554,0.6506407098647712,0.0
397,501.76,0.0,0.0,0.36,0.12,0.2,0.44,224.5174974621503,0.0,0.0,0.5686240703077328,0.3316624790355401,0.4082482904638631,0.5830951894845301,0.0
398,501.76,0.0,0.0,1.0,0.4,0.56,0.48,224.5174974621503,0.0,0.0,1.0408329997330663,0.5773502691896258,1.0033277962194942,0.6531972647421809,0.0
399,501.76,0.0,0.0,0.8,0.24,0.08,0.36,224.5174974621503,0.0,0.0,0.9128709291752769,0.5228129047119374,0.27688746209726917,0.5686240703077328,0.0
400,501.76,0.0,0.0,0.48,0.48,0.32,0.48,224.5174974621503,0.0,0.0,0.8225975119502043,0.5859465277082317,0.6904105059069325,0.5859465277082317,0.0
401,501.76,0.0,0.0,0.24,0.16,0.0,0.16,224.5174974621503,0.0,0.0,0.4358898943540673,0.374165738677394,0.0,0.374165738677394,0.0
402,501.76,0.0,0.0,0.32,0.36,0.0,0.36,224.5174974621503,0.0,0.0,0.47609522856952335,0.48989794855663565,0.0,0.48989794855663565,0.0
403,501.76,0.0,0.0,0.6,0.64,0.08,0.72,224.5174974621503,0.0,0.0,0.9999999999999999,0.5686240703077327,0.2768874620972691,0.8426149773176358,0.0
404,501.76,0.0,0.0,0.84,0.8,0.04,0.84,224.5174974621503,0.0,0.0,0.9433981132056606,0.5,0.2000000000000001,0.6244997998398398,0.0
405,501.76,0.0,0.0,0.56,0.52,0.0,0.52,224.5174974621503,0.0,0.0,0.5830951894845301,0.5859465277082316,0.0,0.5859465277082316,0.0
406,501.76,0.0,0.0,0.32,0.32,0.0,0.32,224.5174974621503,0.0,0.0,0.5567764362830022,0.47609522856952335,0.0,0.47609522856952335,0.0
407,501.76,0.0,0.0,0.32,0.32,0.04,0.32,224.5174974621503,0.0,0.0,0.5567764362830022,0.5567764362830023,0.20000000000000007,0.5567764362830023,0.0
408,501.76,0.0,0.0,0.4,0.4,0.12,0.48,224.5174974621503,0.0,0.0,0.7071067811865476,0.6454972243679029,0.3316624790355402,0.8717797887081346,0.0
409,501.76,0.0,0.0,0.52,0.28,0.04,0.32,224.5174974621503,0.0,0.0,0.5099019513592786,0.45825756949558405,0.2000000000000001,0.5567764362830022,0.0
410,501.76,0.0,0.0,0.56,0.32,0.12,0.4,224.5174974621503,0.0,0.0,0.7118052168020873,0.4760952285695233,0.33166247903554,0.5773502691896258,0.0
411,501.76,0.0,0.0,0.32,0.12,0.16,0.2,224.5174974621503,0.0,0.0,0.47609522856952335,0.33166247903553997,0.4725815626252607,0.4082482904638631,0.0
412,501.76,0.0,0.0,0.12,0.04,0.12,0.04,224.5174974621503,0.0,0.0,0.33166247903553997,0.20000000000000004,0.3316624790355401,0.20000000000000004,0.0
413,501.76,0.0,0.0,0.28,0.16,0.0,0.2,224.5174974621503,0.0,0.0,0.45825756949558394,0.37416573867739406,0.0,0.4082482904638631,0.0
414,501.76,0.0,0.0,1.16,0.36,0.0,0.36,224.5174974621503,0.0,0.0,1.0677078252031313,0.5686240703077327,0.0,0.5686240703077327,0.0
415,501.76,0.0,0.0,1.28,0.64,0.0,0.64,224.5174974621503,0.0,0.0,1.1372481406154653,0.7,0.0,0.7,0.0
416,501.76,0.0,0.0,0.44,0.36,0.0,0.36,224.5174974621503,0.0,0.0,0.6506407098647712,0.48989794855663565,0.0,0.48989794855663565,0.0
417,501.76,0.0,0.0,0.8,0.28,0.04,0.28,224.5174974621503,0.0,0.0,0.7637626158259733,0.45825756949558405,0.20000000000000007,0.45825756949558405,0.0
418,501.76,0.0,0.0,0.76,0.8,0.04,0.84,224.5174974621503,0.0,0.0,0.8306623862918077,0.6454972243679029,0.2000000000000001,0.7461009761866466,0.0
419,501.76,0.0,0.0,0.64,0.56,0.12,0.6,224.5174974621503,0.0,0.0,0.7571877794400365,0.5830951894845301,0.33166247903554014,0.7071067811865475,0.0
420,501.76,0.0,0.0,0.52,0.48,0.0,0.48,224.5174974621503,0.0,0.0,0.5099019513592786,0.5099019513592786,0.0,0.5099019513592786,0.0
421,501.76,0.0,0.0,0.52,0.4,0.0,0.4,224.5174974621503,0.0,0.0,0.8717797887081346,0.5773502691896258,0.0,0.5773502691896258,0.0
422,501.76,0.0,0.0,0.2,0.4,0.08,0.44,224.5174974621503,0.0,0.0,0.5,0.5773502691896258,0.2768874620972691,0.6506407098647712,0.0
423,501.76,0.0,0.0,0.32,0.28,0.0,0.28,224.5174974621503,0.0,0.0,0.6271629240742257,0.45825756949558405,0.0,0.45825756949558405,0.0
424,501.76,0.0,0.0,0.24,0.2,0.0,0.2,224.5174974621503,0.0,0.0,0.5228129047119374,0.4082482904638631,0.0,0.4082482904638631,0.0
425,501.76,0.0,0.0,0.24,0.28,0.28,0.6,224.5174974621503,0.0,0.0,0.5972157622389641,0.5416025603090641,0.5416025603090642,0.5773502691896258,0.0
426,501.76,0.0,0.0,0.2,0.24,0.32,0.44,224.5174974621503,0.0,0.0,0.5,0.43588989435406733,0.8999999999999998,0.6506407098647712,0.0
427,501.76,0.0,0.0,0.56,0.12,0.48,0.24,224.5174974621503,0.0,0.0,0.5830951894845301,0.33166247903553997,0.9626352718795768,0.4358898943540673,0.0
428,501.76,0.0,0.0,0.24,0.08,0.4,0.2,224.5174974621503,0.0,0.0,0.4358898943540673,0.2768874620972691,0.8164965809277261,0.5,0.0
429,501.76,0.0,0.0,0.32,0.16,0.0,0.16,224.5174974621503,0.0,0.0,0.47609522856952335,0.37416573867739406,0.0,0.37416573867739406,0.0
430,501.76,0.0,0.0,0.84,0.4,0.0,0.4,224.5174974621503,0.0,0.0,0.8,0.5,0.0,0.5,0.0
431,501.76,0.0,0.0,0.84,0.52,0.0,0.52,224.5174974621503,0.0,0.0,0.7461009761866466,0.653197264742181,0.0,0.653197264742181,0.0
432,501.76,0.0,0.0,0.8,0.32,0.04,0.36,224.5174974621503,0.0,0.0,1.0801234497346435,0.47609522856952335,0.2000000000000001,0.5686240703077328,0.0
433,501.76,0.0,0.0,0.92,0.88,0.0,0.88,224.5174974621503,0.0,0.0,1.037625494418225,0.6000000000000001,0.0,0.6000000000000001,0.0
434,501.76,0.0,0.0,1.08,0.68,0.0,0.68,224.5174974621503,0.0,0.0,0.7593857166596343,0.5567764362830022,0.0,0.5567764362830022,0.0
435,501.76,0.0,0.0,0.84,0.56,0.0,0.56,224.5174974621503,0.0,0.0,0.8504900548115384,0.5066228051190221,0.0,0.5066228051190221,0.0
436,501.76,0.0,0.0,0.52,0.44,0.0,0.44,224.5174974621503,0.0,0.0,0.7141428428542851,0.5066228051190221,0.0,0.5066228051190221,0.0
437,501.76,0.0,0.0,0.36,0.36,0.08,0.36,224.5174974621503,0.0,0.0,0.7,0.4898979485566356,0.2768874620972691,0.4898979485566356,0.0
438,501.76,0.0,0.0,0.28,0.28,0.0,0.32,224.5174974621503,0.0,0.0,0.5416025603090641,0.45825756949558405,0.0,0.5567764362830022,0.0
439,501.76,0.0,0.0,0.24,0.16,0.2,0.28,224.5174974621503,0.0,0.0,0.5228129047119374,0.37416573867739406,0.4082482904638631,0.45825756949558405,0.0
440,507.0769230769231,0.0,0.0,0.15384615384615385,0.2692307692307692,0.0,0.2692307692307692,221.64564928316065,0.0,0.0,0.4640954808922572,0.5334935656738371,0.0,0.5334935656738371,0.0
441,496.0,0.0,0.0,0.20833333333333334,0.20833333333333334,0.0,0.20833333333333334,227.451667106586,0.0,0.0,0.41485111699905336,0.41485111699905336,0.0,0.41485111699905336,0.0
442,501.76,0.0,0.0,0.12,0.12,0.0,0.12,224.5174974621503,0.0,0.0,0.3316624790355401,0.33166247903554,0.0,0.33166247903554,0.0
443,501.76,0.0,0.0,0.24,0.16,0.24,0.24,224.5174974621503,0.0,0.0,0.5228129047119373,0.47258156262526063,0.7234178138070239,0.5972157622389641,0.0
444,501.76,0.0,0.0,0.4,0.24,0.0,0.28,224.5174974621503,0.0,0.0,0.7637626158259734,0.5972157622389641,0.0,0.6137317546507324,0.0
445,501.76,0.0,0.0,0.76,0.16,0.08,0.2,224.5174974621503,0.0,0.0,0.8306623862918076,0.3741657386773941,0.2768874620972691,0.4082482904638631,0.0
446,501.76,0.0,0.0,0.52,0.48,0.0,0.48,224.5174974621503,0.0,0.0,0.5859465277082317,0.653197264742181,0.0,0.653197264742181,0.0
447,501.76,0.0,0.0,1.24,0.4,0.0,0.4,224.5174974621503,0.0,0.0,0.969535971483266,0.5773502691896258,0.0,0.5773502691896258,0.0
448,506.88,0.0,0.0,0.96,0.92,0.04,0.96,229.21175071681353,0.0,0.0,0.9780933834080808,0.6403124237432849,0.2000000000000001,0.7348469228349533,0.0
449,512.0,0.0,0.0,0.88,0.56,0.32,0.68,230.7552816296953,0.0,0.0,1.0923979738782628,0.5066228051190221,0.6904105059069324,0.5567764362830022,0.0
450,506.88,0.0,0.0,0.56,0.4,0.16,0.44,229.21175071681353,0.0,0.0,0.8698658900466594,0.5773502691896258,0.37416573867739394,0.5830951894845301,0.0
451,506.88,0.0,0.0,0.6,0.4,0.0,0.4,229.21175071681353,0.0,0.0,0.7071067811865475,0.6454972243679029,0.0,0.6454972243679029,0.0
452,512.0,0.0,0.0,0.96,0.44,0.0,0.44,236.59811213673422,0.0,0.0,1.2409673645990855,0.5830951894845301,0.0,0.5830951894845301,0.0
453,512.0,0.0,0.0,0.36,0.36,0.12,0.52,236.59811213673422,0.0,0.0,0.5686240703077328,0.5686240703077327,0.33166247903554,0.653197264742181,0.0
454,512.0,0.0,0.0,0.2,0.24,0.36,0.52,236.59811213673422,0.0,0.0,0.5,0.5972157622389641,0.7,0.8225975119502045,0.0
455,512.0,0.0,0.0,0.32,0.2,0.24,0.32,236.59811213673422,0.0,0.0,0.5567764362830023,0.4082482904638631,0.6633249580710804,0.6904105059069324,0.0
456,512.0,0.0,0.0,0.08,0.12,0.6,0.28,236.59811213673422,0.0,0.0,0.2768874620972691,0.3316624790355401,1.190238071423808,0.45825756949558394,0.0
457,512.0,0.0,0.0,0.12,0.08,0.08,0.08,236.59811213673422,0.0,0.0,0.33166247903554014,0.2768874620972691,0.27688746209726917,0.2768874620972691,0.0
458,490.6666666666667,0.0,0.0,0.16666666666666666,0.25,0.0,0.25,215.73144872969837,0.0,0.0,0.3806934938134405,0.4423258684646914,0.0,0.4423258684646914,0.0
459,512.0,0.0,0.0,0.36,0.28,0.12,0.32,236.59811213673422,0.0,0.0,0.5686240703077328,0.458257569495584,0.33166247903554,0.47609522856952335,0.0
460,512.0,0.0,0.0,0.28,0.4,0.04,0.48,236.59811213673422,0.0,0.0,0.6137317546507324,0.5,0.2000000000000001,0.5859465277082316,0.0
461,512.0,0.0,0.0,0.48,0.32,0.08,0.36,236.59811213673422,0.0,0.0,0.9183318209303939,0.47609522856952335,0.2768874620972691,0.5686240703077328,0.0
462,512.0,0.0,0.0,0.56,0.12,0.0,0.12,236.59811213673422,0.0,0.0,0.7118052168020873,0.3316624790355401,0.0,0.3316624790355401,0.0
463,512.0,0.0,0.0,1.08,0.84,0.0,0.84,236.59811213673422,0.0,0.0,1.0376254944182253,0.6244997998398397,0.0,0.6244997998398397,0.0
464,512.0,0.0,0.0,1.24,0.64,0.04,0.68,236.59811213673422,0.0,0.0,1.267543556122103,0.5686240703077328,0.2000000000000001,0.6271629240742259,1.0
465,506.88,0.44,0.04,3.2,1.04,0.0,1.08,232.1709714843783,1.26095202129185,0.2000000000000001,5.123475382979801,1.5405626677721793,0.0,1.579029237643602,1.0
466,506.88,1.0,0.24,7.12,1.92,0.0,2.16,232.1709714843783,2.345207879911715,1.2000000000000002,10.244185342589878,3.0127506811328852,0.0,3.399509768579385,1.0
467,506.88,0.92,0.24,6.56,1.44,0.0,1.68,232.1709714843783,2.158703314492291,1.2000000000000002,10.432641084595984,2.6783079235467557,0.0,2.982169232846004,1.0
468,506.88,0.96,0.24,7.08,1.64,0.04,1.92,232.1709714843783,2.2634781495153278,1.2000000000000002,11.018620603324177,3.4263683398023623,0.2000000000000001,3.4990474894367085,1.0
469,506.88,0.96,0.24,7.72,1.76,0.04,2.0,232.1709714843783,2.2634781495153278,1.2000000000000002,11.773982617053015,3.072458299147443,0.20000000000000004,3.24037034920393,1.0
470,512.0,0.96,0.24,6.56,1.56,0.04,1.84,242.30008942081167,2.2449944320643644,1.2000000000000002,9.966945369570361,3.2797357617141465,0.2000000000000001,3.374907406137242,1.0
471,512.0,0.96,0.24,7.24,1.56,0.0,1.8,242.30008942081167,2.2449944320643644,1.2000000000000002,11.591232318725512,2.959166549328826,0.0,3.1490739379485313,1.0
472,512.0,1.0,0.24,7.28,1.56,0.0,1.8,242.30008942081167,2.345207879911715,1.2000000000000002,11.872657663724661,3.6977470618382404,0.0,3.7859388972001833,1.0
473,512.0,0.92,0.24,6.72,1.48,0.0,1.72,242.30008942081167,2.158703314492291,1.2000000000000002,10.990602045990622,3.2031234756093943,0.0,3.3105890714493706,1.0
474,512.0,0.96,0.24,6.8,1.68,0.0,1.92,242.30008942081167,2.2634781495153278,1.2000000000000002,10.583005244258358,3.436568055487917,0.0,3.5930488446443354,1.0
475,512.0,0.96,0.24,7.12,1.68,0.0,1.92,242.30008942081167,2.2449944320643644,1.2000000000000002,11.439405578962567,3.3381631675718504,0.0,3.499047489436708,1.0
476,512.0,0.96,0.24,6.88,1.44,0.0,1.68,242.30008942081167,2.2634781495153278,1.2000000000000002,11.136726029972488,2.770078217908898,0.0,2.982169232846005,1.0
477,512.0,0.96,0.24,7.24,1.72,0.08,1.96,242.30008942081167,2.2449944320643644,1.2000000000000002,11.61636776277336,3.6345563690772487,0.2768874620972691,3.780211634287158,1.0
478,512.0,1.0,0.24,7.52,1.92,0.08,2.28,242.30008942081167,2.345207879911715,1.2000000000000002,11.48593342600708,3.4871191548325386,0.2768874620972691,3.5767769476629834,1.0
479,512.0,0.88,0.24,8.12,2.16,0.16,2.4,242.30008942081167,2.06801031589948,1.2000000000000002,12.080700862670732,3.4602504726295935,0.374165738677394,3.651483716701106,1.0
480,512.0,0.96,0.24,8.76,2.16,0.0,2.4,242.30008942081167,2.2449944320643644,1.2000000000000002,12.728838648255909,3.261901286060018,0.0,3.4641016151377535,1.0
481,506.88,0.92,0.24,7.76,2.08,0.08,2.48,235.09294615818092,2.158703314492291,1.2000000000000002,11.347833860844691,3.390181902690965,0.2768874620972691,3.6981977592695965,1.0
482,506.88,0.96,0.24,8.0,1.76,0.32,2.28,235.09294615818092,2.2634781495153278,1.2000000000000002,11.561430130683084,2.847220867208349,0.4760952285695233,3.116087290176576,1.0
483,506.88,0.88,0.24,7.24,1.68,0.28,2.04,235.09294615818092,2.06801031589948,1.2000000000000002,10.615554625171503,3.118760437524284,0.6782329983125269,3.32264954516723,1.0
484,517.12,0.88,0.24,7.52,1.76,0.44,2.08,259.91670460617445,2.06801031589948,1.2000000000000002,11.45687566485733,3.2949456242351958,0.7681145747868608,3.4990474894367085,1.0
485,517.12,0.96,0.24,6.8,1.44,0.48,1.88,259.91670460617445,2.2449944320643644,1.2000000000000002,10.606601717798208,2.873441606622043,1.004987562112089,2.9200456617434365,1.0
486,517.12,0.92,0.24,6.92,1.36,0.0,1.6,259.91670460617445,2.158703314492291,1.2000000000000002,11.324457308557143,3.080584360149874,0.0,3.2015621187164247,1.0
487,517.12,0.92,0.24,7.2,1.52,0.04,1.8,259.91670460617445,2.158703314492291,1.2000000000000002,11.302654555457318,3.150661306244557,0.2000000000000001,3.24037034920393,1.0
488,517.12,1.0,0.24,6.6,1.32,0.08,1.6,259.91670460617445,2.345207879911715,1.2000000000000002,10.567244989431572,3.0237945256470944,0.2768874620972691,3.1358146203711303,1.0
489,517.12,0.92,0.24,6.32,1.48,0.12,1.76,259.91670460617445,2.158703314492291,1.2000000000000002,10.229532410297807,3.0973106614179566,0.4396968652757642,3.455430508634199,1.0
490,541.5384615384615,1.0,0.19230769230769232,6.538461538461538,1.5769230769230769,0.0,1.8076923076923077,283.4734881105083,2.4,0.9805806756909209,10.659196101885996,3.0485810066071983,0.0,3.085699023161276,1.0
491,517.12,0.92,0.24,7.44,1.72,0.0,1.96,259.91670460617445,2.158703314492291,1.2000000000000002,11.758259508390967,3.7363083384538798,0.0,3.813135192987522,1.0
492,490.6666666666667,1.0,0.25,7.583333333333333,1.7916666666666667,0.0,2.0416666666666665,228.55817766973496,2.284160962880643,1.224744871391589,11.691381688966512,3.021361148291578,0.0,3.1961820520966775,1.0
493,541.5384615384615,0.8846153846153846,0.23076923076923078,6.730769230769231,1.7692307692307692,0.0,2.0,283.4734881105083,2.122770323457967,1.176696810829105,10.432862281493767,2.970625419775335,0.0,3.059411708155671,1.0
494,517.12,0.96,0.24,7.64,1.92,0.0,2.16,259.91670460617445,2.2449944320643644,1.2000000000000002,11.757550765359252,3.426854728950927,0.0,3.636390151418481,1.0
495,517.12,1.0,0.24,7.88,2.08,0.0,2.32,259.91670460617445,2.345207879911715,1.2000000000000002,12.404031602668548,3.9467286031176076,0.0,3.997082269189198,1.0
496,517.12,0.92,0.24,8.48,2.0,0.0,2.24,259.91670460617445,2.158703314492291,1.2000000000000002,13.666016244685208,3.7859388972001824,0.0,4.095526014242046,1.0
497,517.12,0.96,0.24,7.8,1.8,0.04,2.08,259.91670460617445,2.2449944320643644,1.2000000000000002,12.100275478957771,3.4034296427770228,0.2000000000000001,3.785058343892028,1.0
498,522.24,0.92,0.24,7.16,1.96,0.16,2.28,258.4416891034932,2.1779194965226183,1.2000000000000002,10.88454561905702,3.421500645428356,0.37416573867739406,3.541656862731528,1.0
499,517.12,1.0,0.24,7.32,1.72,0.12,2.0,259.91670460617445,2.345207879911715,1.2000000000000002,11.462693109969111,3.518048701576864,0.3316624790355402,3.6514837167011076,1.0
500,517.12,0.92,0.24,7.48,1.68,0.0,1.92,259.91670460617445,2.158703314492291,1.2000000000000002,11.354587912675068,3.2751590292177664,0.0,3.36551135292494,1.0
501,517.12,0.96,0.24,7.4,1.52,0.0,1.76,259.91670460617445,2.2449944320643644,1.2000000000000002,11.478240283249,3.1374086972106974,0.0,3.243968762693829,1.0
502,541.5384615384615,0.8846153846153846,0.23076923076923078,7.0,1.6153846153846154,0.0,1.8461538461538463,283.4734881105083,2.122770323457967,1.176696810829105,10.229369482035537,3.099379590523537,0.0,3.1961515319810188,1.0
503,490.6666666666667,1.0,0.25,8.166666666666666,1.8333333333333333,0.0,2.0833333333333335,228.55817766973496,2.284160962880643,1.224744871391589,11.46892461759419,3.3965028903355834,0.0,3.549852007529654,1.0
504,517.12,0.96,0.24,8.0,1.72,0.0,1.96,259.91670460617445,2.2449944320643644,1.2000000000000002,12.473304828045105,3.421987726453734,0.0,3.5057096285916196,1.0
505,541.5384615384615,0.8846153846153846,0.23076923076923078,7.423076923076923,1.5769230769230769,0.0,1.8076923076923077,283.4734881105083,2.122770323457967,1.176696810829105,11.933727253203253,3.151800462251086,0.0,3.2498520676391496,1.0
506,485.3333333333333,1.0416666666666667,0.25,7.125,1.7916666666666667,0.0,2.0833333333333335,216.7608713820805,2.386176979964006,1.224744871391589,11.179610711119324,3.7990750209087425,0.0,4.03157825031411,1.0
507,512.0,0.92,0.24,7.24,1.88,0.12,2.16,250.60992265537558,2.158703314492291,1.2000000000000002,11.630706484703904,3.677861697599119,0.33166247903554014,3.7380922050336483,1.0
508,536.6153846153846,0.9230769230769231,0.23076923076923078,7.615384615384615,2.0384615384615383,0.07692307692307693,2.269230769230769,275.76614395869217,2.2076789064187183,1.176696810829105,11.930052550016446,3.29218188113317,0.27174648819470304,3.4241225714941006,1.0
509,512.0,1.0,0.24,7.6,1.92,0.08,2.24,250.60992265537558,2.345207879911715,1.2000000000000002,11.247221879201994,3.2777024473452934,0.2768874620972691,3.5033317475416648,1.0
